"",0
"timestand",1
"playus",1
"oooh",1
"establishe",1
"gam",1
"reindeer",1
"coin",1
"eas",1
"anka",1
"finishes",1
"causation",1
"def",1
"similiar",1
"ibc",1
"mac",1
"lotta",1
"mix",1
"walkin",1
"shortmania",1
"electricity",1
"output",1
"establi",1
"dickhead",1
"dominates",1
"mfa",1
"ep",1
"ratings",1
"suddenly",1
"whooosh",1
"bail",1
"lb",1
"targetrr",1
"inventory",1
"playdailyfxi",1
"constructive",1
"csco",1
"presse",1
"reasonable",1
"battery",1
"snapped",1
"dime",1
"overnig",1
"xxxaud",1
"eliminated",1
"arrived",1
"gear",1
"pack",1
"joined",1
"sporting",1
"suspicious",1
"wider",1
"reenter",1
"respective",1
"pegu",1
"perro",1
"pipsle",1
"east",1
"ltf",1
"guarding",1
"invisible",1
"poursuit",1
"fly",1
"mln",1
"weds",1
"demanding",1
"responses",1
"tiring",1
"tears",1
"partially",1
"wats",1
"assume",1
"dictated",1
"wrmb",1
"settl",1
"auddkk",1
"audpln",1
"downlegs",1
"retrce",1
"bulish",1
"succumb",1
"structur",1
"devalued",1
"out",1
"quicker",1
"dal",1
"pants",1
"pooped",1
"apparent",1
"devalu",1
"riesgo",1
"fxtyrant",1
"yeterday",1
"extrem",1
"yankdown",1
"journey",1
"ot",1
"unfortunatelly",1
"writed",1
"upp",1
"everyon",1
"hairy",1
"reshorting",1
"freaked",1
"repli",1
"kaboom",1
"analyzing",1
"sesssion",1
"neutre",1
"reste",1
"semaine",1
"frustrating",1
"usdol",1
"downmove",1
"squeezes",1
"fundamentally",1
"mor",1
"bounceda",1
"eating",1
"dailys",1
"altho",1
"div",1
"payed",1
"pendings",1
"shoe",1
"positives",1
"refocused",1
"independent",1
"initiative",1
"proven",1
"confluencing",1
"gb",1
"brotha",1
"defensive",1
"assuming",1
"battler",1
"anarroe",1
"averted",1
"ensure",1
"wild",1
"believer",1
"eliminate",1
"officially",1
"avatar",1
"blinded",1
"engines",1
"pukes",1
"euraudbe",1
"valuation",1
"fo",1
"exploration",1
"verdict",1
"admit",1
"whatcha",1
"heck",1
"beoeb",1
"naked",1
"reed",1
"winston",1
"chicagorob",1
"the",1
"initally",1
"russian",1
"frickin",1
"carlos",1
"luis",1
"barring",1
"macroman",1
"esque",1
"nvestor",1
"sustain",1
"objectives",1
"ra",1
"email",1
"vengence",1
"includes",1
"origin",1
"santos",1
"obstacle",1
"dairy",1
"students",1
"submit",1
"fore",1
"founder",1
"globalfx",1
"quo",1
"assure",1
"und",1
"leaning",1
"wavering",1
"games",1
"yg",1
"introduce",1
"ripe",1
"nyse",1
"probing",1
"els",1
"crashes",1
"dies",1
"pothole",1
"strangle",1
"proved",1
"filling",1
"layer",1
"signif",1
"risen",1
"bravo",1
"guru",1
"landed",1
"difficulties",1
"potent",1
"commenting",1
"harmonie",1
"pamm",1
"dailyfxas",1
"yummy",1
"shootingstar",1
"indecipherable",1
"romney",1
"feeding",1
"aggress",1
"ssu",1
"argument",1
"audusdhighs",1
"machine",1
"adventure",1
"suggestin",1
"mich",1
"atteint",1
"consistently",1
"fax",1
"iiya",1
"inplay",1
"accs",1
"lumps",1
"grind",1
"sht",1
"teeth",1
"abe",1
"nzdus",1
"shrakawa",1
"states",1
"viagra",1
"sto",1
"suppor",1
"sidwys",1
"forexabode",1
"recommendations",1
"recommends",1
"searching",1
"staements",1
"http",1
"plac",1
"crumble",1
"referring",1
"mrtkflow",1
"nzdchf",1
"answers",1
"phones",1
"usindex",1
"pie",1
"typical",1
"ch",1
"hwbl",1
"tradinng",1
"mediano",1
"plazo",1
"suba",1
"cadilac",1
"chandionship",1
"juve",1
"league",1
"ladder",1
"bas",1
"glenn",1
"weakened",1
"limbo",1
"invalidate",1
"br",1
"detailed",1
"knocked",1
"outshine",1
"fiber",1
"lesser",1
"fleetin",1
"memori",1
"mud",1
"playin",1
"spinnin",1
"tires",1
"repositioning",1
"collapsing",1
"halfway",1
"holld",1
"terrible",1
"carleen",1
"vale",1
"concentrating",1
"reaffirms",1
"slept",1
"switched",1
"soul",1
"blessings",1
"pinkert",1
"breadth",1
"bsu",1
"improving",1
"schoolfx",1
"likey",1
"ent",1
"serius",1
"rebounding",1
"usudjpy",1
"stall",1
"alost",1
"blur",1
"nervousness",1
"restrain",1
"strategiest",1
"drift",1
"cheating",1
"boar",1
"misses",1
"fever",1
"firing",1
"glance",1
"ce",1
"dernier",1
"manquait",1
"sorri",1
"fiasco",1
"quid",1
"reconsider",1
"beast",1
"saga",1
"wro",1
"power",1
"redbox",1
"vision",1
"ho",1
"sustainably",1
"treading",1
"clustered",1
"raet",1
"flog",1
"mio",1
"hopefuuly",1
"xag",1
"lyc",1
"ohlc",1
"org",1
"pdn",1
"wa",1
"li",1
"thi",1
"reacted",1
"complacent",1
"suited",1
"person",1
"pit",1
"collecting",1
"thuesday",1
"remained",1
"den",1
"dis",1
"hrwith",1
"matched",1
"opionion",1
"aware",1
"erusd",1
"regard",1
"teleconference",1
"subscribing",1
"doggone",1
"geeze",1
"holdin",1
"vertical",1
"probab",1
"jaime",1
"mierzdr",1
"blew",1
"drpo",1
"shrt",1
"prolongation",1
"scarcely",1
"hasnt",1
"veiw",1
"concisely",1
"underpins",1
"ti",1
"kedaitrader",1
"improved",1
"queensland",1
"overstrteched",1
"iiird",1
"appetit",1
"strat",1
"ridiculously",1
"despi",1
"canada",1
"shoeing",1
"investor",1
"arojnd",1
"democrats",1
"differ",1
"taxes",1
"he",1
"jxnb",1
"webminar",1
"commencing",1
"song",1
"flees",1
"identified",1
"peoples",1
"lifting",1
"dived",1
"squished",1
"tippy",1
"toe",1
"congress",1
"ruin",1
"ironically",1
"renfort",1
"bark",1
"tricks",1
"nest",1
"delta",1
"fad",1
"urocentric",1
"announc",1
"funding",1
"kos",1
"ml",1
"structures",1
"captured",1
"differenti",1
"ir",1
"satisfaction",1
"brokers",1
"brendan",1
"frid",1
"expenses",1
"overseas",1
"sake",1
"ausse",1
"bt",1
"ig",1
"mead",1
"showned",1
"destination",1
"overstretched",1
"strengthened",1
"tpofqrl",1
"gainer",1
"schaeuble",1
"spout",1
"tuning",1
"alternate",1
"conclusion",1
"forgone",1
"uncle",1
"newfound",1
"eventual",1
"runnup",1
"russia",1
"deceptively",1
"eurud",1
"supportdaily",1
"tryiong",1
"academy",1
"mfx",1
"nicolay",1
"salov",1
"workout",1
"positio",1
"divergences",1
"scattered",1
"messages",1
"rec",1
"shut",1
"waa",1
"yeste",1
"benchmarking",1
"travelling",1
"excel",1
"reprot",1
"oecd",1
"treasurer",1
"flips",1
"traveling",1
"silv",1
"sat",1
"rebreach",1
"elaborate",1
"esteem",1
"group",1
"diverg",1
"osma",1
"touted",1
"choppin",1
"potenti",1
"kaya",1
"pala",1
"giuseppe",1
"libero",1
"linear",1
"bhmmwbfh",1
"eurozone",1
"headlights",1
"rabbits",1
"alleviated",1
"dm",1
"etcusd",1
"as",1
"bovesp",1
"discuss",1
"pend",1
"yestday",1
"roast",1
"spring",1
"boehn",1
"ftw",1
"germans",1
"hasselhoff",1
"interestingly",1
"painfully",1
"flopping",1
"eclips",1
"circle",1
"pink",1
"puzzling",1
"attempting",1
"rrr",1
"rumours",1
"aftr",1
"moreso",1
"remove",1
"emotional",1
"hehe",1
"shortsdailyfxi",1
"flush",1
"hunted",1
"crann",1
"mc",1
"terry",1
"emerges",1
"arg",1
"expenditure",1
"internals",1
"yawn",1
"attracting",1
"diversion",1
"fishing",1
"ponds",1
"tat",1
"gianj",1
"mv",1
"homing",1
"pigeon",1
"shirai",1
"meets",1
"recurring",1
"unstable",1
"tremendous",1
"garley",1
"gun",1
"subdued",1
"transact",1
"featured",1
"shark",1
"amigos",1
"funda",1
"midway",1
"uscad",1
"brag",1
"method",1
"ralph",1
"reasoning",1
"dried",1
"bottomed",1
"engaged",1
"stealth",1
"zx",1
"backtesting",1
"insanely",1
"invite",1
"downw",1
"fititol",1
"subborn",1
"mic",1
"escape",1
"manipulate",1
"fixes",1
"leaked",1
"rhs",1
"rumors",1
"swirling",1
"idiot",1
"ohhhh",1
"wmr",1
"beveled",1
"forecasted",1
"etn",1
"smallest",1
"industrials",1
"dependent",1
"spiking",1
"modest",1
"dressing",1
"awesom",1
"dataflow",1
"carrying",1
"qoq",1
"revision",1
"jyst",1
"uber",1
"marktes",1
"gameplan",1
"located",1
"advertisements",1
"ambil",1
"posisi",1
"autour",1
"des",1
"orbire",1
"mak",1
"wh",1
"semblance",1
"die",1
"nr",1
"tradable",1
"clearer",1
"drawdown",1
"dose",1
"algo",1
"happily",1
"warrent",1
"bottoming",1
"stabilizing",1
"olympics",1
"ahe",1
"har",1
"bullishness",1
"foreshadowing",1
"recession",1
"reality",1
"jumped",1
"punters",1
"ughhh",1
"dice",1
"overshadow",1
"mystified",1
"pct",1
"unev",1
"bantz",1
"kevin",1
"mates",1
"amen",1
"desicionis",1
"approval",1
"aussy",1
"bld",1
"yst",1
"discussing",1
"analysi",1
"liquid",1
"recuced",1
"whatch",1
"brittni",1
"kratochwil",1
"elections",1
"presidential",1
"wbc",1
"disparity",1
"cg",1
"mdupn",1
"grand",1
"trigg",1
"climbing",1
"cue",1
"rose",1
"overlay",1
"enticing",1
"cute",1
"congrat",1
"foreigners",1
"issuance",1
"el",1
"punto",1
"fault",1
"harvest",1
"smiled",1
"inbox",1
"nuts",1
"obey",1
"expiry",1
"agency",1
"grading",1
"strugglesresistance",1
"eslod",1
"compared",1
"factbox",1
"thelma",1
"rob",1
"audi",1
"retes",1
"approximate",1
"master",1
"ba",1
"libor",1
"atypically",1
"wheel",1
"punches",1
"soakin",1
"supply",1
"clarification",1
"laws",1
"seeks",1
"basket",1
"express",1
"ccy",1
"manipulation",1
"miners",1
"rage",1
"edg",1
"supper",1
"staggering",1
"attainable",1
"oasis",1
"bullshit",1
"dimitrv",1
"butting",1
"everyt",1
"politicians",1
"projections",1
"hahahaaaa",1
"incom",1
"sad",1
"tni",1
"imposs",1
"ceiling",1
"dollars",1
"glass",1
"shakes",1
"withstand",1
"fury",1
"busto",1
"mos",1
"mission",1
"met",1
"overpowered",1
"eurx",1
"decreasing",1
"shoots",1
"drew",1
"atleast",1
"blw",1
"dangerous",1
"sides",1
"abyss",1
"imoi",1
"doll",1
"dol",1
"resistane",1
"upbeat",1
"partner",1
"practice",1
"geriliyor",1
"zirvesinden",1
"clouds",1
"beow",1
"amaze",1
"blown",1
"gas",1
"google",1
"hfts",1
"toolkit",1
"web",1
"attempts",1
"burning",1
"tablet",1
"died",1
"breaching",1
"holde",1
"perplexed",1
"etcaud",1
"unbelievable",1
"tripped",1
"matilda",1
"waltzing",1
"chops",1
"lickin",1
"robots",1
"girnding",1
"suspected",1
"barrieres",1
"fractal",1
"scary",1
"shifted",1
"angst",1
"clawing",1
"leans",1
"treasuries",1
"killed",1
"assault",1
"plx",1
"trigerred",1
"acc",1
"averaged",1
"runs",1
"trivia",1
"heavier",1
"shaping",1
"nosedive",1
"pennies",1
"execution",1
"gs",1
"viewers",1
"analyzed",1
"cherval",1
"dr",1
"fans",1
"frankenstein",1
"henry",1
"sellorder",1
"dg",1
"trix",1
"tommorrows",1
"btwn",1
"kidding",1
"outri",1
"laying",1
"bonfire",1
"wood",1
"laid",1
"differently",1
"zag",1
"zig",1
"explosion",1
"losin",1
"refused",1
"frequency",1
"template",1
"maintai",1
"clearing",1
"audu",1
"joyful",1
"shd",1
"volatlity",1
"reducing",1
"sizes",1
"tard",1
"mapped",1
"accompany",1
"ultra",1
"extra",1
"hung",1
"wrongness",1
"brok",1
"cell",1
"requotes",1
"ems",1
"propped",1
"banged",1
"slack",1
"dicking",1
"lever",1
"slam",1
"abrupt",1
"shortterm",1
"pi",1
"trendin",1
"embrace",1
"hopium",1
"surrounding",1
"damnit",1
"dynamics",1
"eq",1
"pokerfac",1
"brisbane",1
"resisted",1
"absolutely",1
"rockets",1
"rocks",1
"consolid",1
"maximmm",1
"recalling",1
"cometh",1
"eth",1
"sooneth",1
"fa",1
"fascinated",1
"defend",1
"historically",1
"industrial",1
"production",1
"obos",1
"suppo",1
"validated",1
"brerak",1
"shamuing",1
"vegas",1
"woodies",1
"distracting",1
"handled",1
"symmetry",1
"swift",1
"uijuup",1
"brands",1
"chain",1
"financial",1
"borderline",1
"clip",1
"laugh",1
"turtles",1
"tonite",1
"bodes",1
"rish",1
"soldiers",1
"holy",1
"mackeral",1
"turnaround",1
"undermines",1
"exotics",1
"retailers",1
"content",1
"member",1
"trial",1
"symmertical",1
"to",1
"shorter",1
"analyze",1
"euruad",1
"loooking",1
"plug",1
"beachball",1
"sunk",1
"driven",1
"eco",1
"nerves",1
"yawwwwwnnnnnnnn",1
"higherthe",1
"misguide",1
"diminishing",1
"channeling",1
"potenstially",1
"treats",1
"finish",1
"ranged",1
"jazlady",1
"cand",1
"sellmarket",1
"loading",1
"guessing",1
"unpatriotic",1
"reviews",1
"subscrib",1
"disconcerting",1
"institutionals",1
"misguided",1
"retests",1
"implieds",1
"conservative",1
"xxx",1
"srests",1
"sen",1
"tenkan",1
"settings",1
"wondered",1
"appreciation",1
"tearing",1
"hopped",1
"tuned",1
"nosebleeds",1
"packages",1
"restrained",1
"shorties",1
"hillarious",1
"entrenched",1
"unreadable",1
"confimation",1
"reluctant",1
"improv",1
"nudging",1
"underpinned",1
"spades",1
"bullets",1
"dragon",1
"slay",1
"journal",1
"topsid",1
"humor",1
"lassie",1
"kiss",1
"toes",1
"compra",1
"gran",1
"para",1
"rompimiento",1
"mike",1
"vpoc",1
"shortski",1
"lass",1
"claus",1
"lucky",1
"mrs",1
"skyfall",1
"booms",1
"busts",1
"beautiful",1
"incredibly",1
"omg",1
"ticked",1
"shadowed",1
"slurrrrp",1
"sucking",1
"bak",1
"oceania",1
"whoosh",1
"cank",1
"midnight",1
"noticeably",1
"twenty",1
"bastards",1
"manipulative",1
"screw",1
"bulletproof",1
"fedproof",1
"rubbing",1
"bloom",1
"sls",1
"tps",1
"programme",1
"purchase",1
"blow",1
"hurry",1
"antipodean",1
"governments",1
"hurts",1
"hungry",1
"picking",1
"yield",1
"checking",1
"construction",1
"message",1
"outstanding",1
"reloads",1
"fil",1
"smth",1
"kneejerk",1
"logn",1
"prepearing",1
"decisio",1
"decides",1
"op",1
"replace",1
"efficiency",1
"excersive",1
"fullyknown",1
"cofffee",1
"spat",1
"fuming",1
"quitly",1
"acts",1
"canal",1
"haut",1
"calculate",1
"evans",1
"tools",1
"duper",1
"chunks",1
"accrued",1
"exiting",1
"postion",1
"tapped",1
"efficaci",1
"erase",1
"efficacious",1
"nit",1
"seing",1
"outstandingly",1
"excuses",1
"churn",1
"standard",1
"tradi",1
"magic",1
"deteriorates",1
"alls",1
"shiner",1
"tc",1
"highe",1
"addressed",1
"subscriber",1
"ned",1
"ris",1
"shr",1
"runn",1
"inflati",1
"hammers",1
"wavepredict",1
"lit",1
"bison",1
"drawing",1
"paused",1
"whatfiscalcliff",1
"spectator",1
"iro",1
"stratergy",1
"eith",1
"givin",1
"realsied",1
"efforts",1
"randed",1
"beg",1
"relent",1
"seekingalpha",1
"sir",1
"vantagefx",1
"tilt",1
"vlunerable",1
"concern",1
"cashed",1
"bofa",1
"citing",1
"merrill",1
"ambush",1
"minimal",1
"niiice",1
"field",1
"football",1
"offering",1
"swoosh",1
"yards",1
"auction",1
"nonexistant",1
"zzzzzzzzzzzzzzzzzz",1
"followers",1
"gray",1
"hater",1
"conquer",1
"accident",1
"favourite",1
"elavator",1
"stairs",1
"suk",1
"shortside",1
"abve",1
"waited",1
"grabbed",1
"surprising",1
"rallys",1
"fox",1
"standing",1
"carefully",1
"parade",1
"railed",1
"dtl",1
"weep",1
"unexpected",1
"kshkxu",1
"phenomenal",1
"stat",1
"tyvm",1
"corn",1
"spik",1
"lure",1
"reind",1
"qe",1
"feelgood",1
"positionslife",1
"zz",1
"ple",1
"gravity",1
"pockets",1
"commercial",1
"equilibrium",1
"hedges",1
"positons",1
"mandelbrot",1
"reviewed",1
"reclaim",1
"strangely",1
"suspiciously",1
"piece",1
"conti",1
"dailyfxthough",1
"coo",1
"japanes",1
"eeeeeks",1
"squaring",1
"developm",1
"alfis",1
"analisa",1
"wayne",1
"nimble",1
"skin",1
"exists",1
"ongoing",1
"refusal",1
"converging",1
"holidays",1
"semble",1
"fwd",1
"temporarily",1
"shorti",1
"roadmaps",1
"mitsubishi",1
"tokyo",1
"ufj",1
"abouta",1
"establ",1
"evident",1
"seb",1
"peering",1
"calvin",1
"civilization",1
"civilized",1
"coolidge",1
"andle",1
"grains",1
"precious",1
"pacific",1
"crowded",1
"dramatically",1
"stophunters",1
"grav",1
"eexit",1
"forcing",1
"steep",1
"weighed",1
"eased",1
"office",1
"clave",1
"zona",1
"wi",1
"outlookforexabode",1
"neck",1
"kym",1
"dsma",1
"stair",1
"emphasis",1
"industry",1
"weighs",1
"landing",1
"suck",1
"abode",1
"outlookforex",1
"vital",1
"alternative",1
"elliotticians",1
"trianlge",1
"greeks",1
"rez",1
"betting",1
"hopemode",1
"magical",1
"spu",1
"deliberation",1
"activando",1
"compras",1
"thirty",1
"buulish",1
"ftse",1
"easiest",1
"frankly",1
"junk",1
"detected",1
"resource",1
"synthet",1
"rides",1
"jasonckb",1
"ratios",1
"afford",1
"taxed",1
"sekitar",1
"setelah",1
"centerof",1
"ewj",1
"foreign",1
"uup",1
"bone",1
"butchers",1
"word",1
"kkilling",1
"bleak",1
"supportformer",1
"ichi",1
"enjoyed",1
"latents",1
"replied",1
"travel",1
"breaky",1
"otherwizze",1
"atmdown",1
"yetaudusd",1
"adjustment",1
"click",1
"robot",1
"underside",1
"ke",1
"tergelincir",1
"prof",1
"synopsis",1
"depreciates",1
"witing",1
"axis",1
"boun",1
"retry",1
"squared",1
"payroll",1
"gather",1
"complet",1
"observation",1
"yeaterday",1
"unsuccessful",1
"throws",1
"lightening",1
"puking",1
"ja",1
"synching",1
"dept",1
"spiggt",1
"pocket",1
"cac",1
"feelin",1
"slv",1
"buck",1
"erratically",1
"violently",1
"probe",1
"writeup",1
"lossers",1
"kicae",1
"disagree",1
"rigged",1
"screenshot",1
"symbol",1
"jobless",1
"tipped",1
"msci",1
"studies",1
"furthe",1
"steliron",1
"iqeq",1
"conflicting",1
"hardest",1
"petty",1
"boredom",1
"zzzzz",1
"dna",1
"hvf",1
"imperfect",1
"puppy",1
"beirut",1
"dysfunction",1
"equivalent",1
"perpetual",1
"bush",1
"guessed",1
"kiz",1
"nghu",1
"races",1
"books",1
"induced",1
"fteh",1
"vack",1
"enteredmarket",1
"nzdjoy",1
"figuring",1
"ydays",1
"gunna",1
"smack",1
"kills",1
"suit",1
"demark",1
"representing",1
"ensues",1
"downdraft",1
"levitation",1
"explains",1
"reveals",1
"izz",1
"bandwagon",1
"bore",1
"mathilda",1
"aligned",1
"agri",1
"levls",1
"require",1
"indic",1
"silly",1
"biggie",1
"disccused",1
"twm",1
"suggestion",1
"dynamic",1
"rul",1
"faders",1
"jeanphi",1
"mm",1
"xcy",1
"chg",1
"item",1
"imply",1
"tir",1
"strengthening",1
"nut",1
"lend",1
"direct",1
"flurry",1
"sheeesh",1
"inventories",1
"mxnusd",1
"loo",1
"strange",1
"horizontal",1
"city",1
"doit",1
"pareil",1
"passer",1
"reflux",1
"sinon",1
"lives",1
"entrys",1
"iexpect",1
"guaranteed",1
"uploading",1
"prospect",1
"signalling",1
"drug",1
"advantag",1
"biggrs",1
"tgts",1
"tking",1
"whykl",1
"abcd",1
"valleys",1
"incorrect",1
"shmundamentals",1
"zzzzzzzzzz",1
"diagonal",1
"ending",1
"sloppy",1
"forbidden",1
"decider",1
"esst",1
"mimics",1
"courtesy",1
"diced",1
"perfection",1
"sliced",1
"trounced",1
"layered",1
"overleveraged",1
"dash",1
"meter",1
"negating",1
"aflutt",1
"phantom",1
"sohuld",1
"contributer",1
"secured",1
"unlock",1
"widens",1
"brainer",1
"sneaking",1
"tend",1
"aussi",1
"roadblock",1
"stab",1
"chewing",1
"dumb",1
"england",1
"onwards",1
"unconfirm",1
"anymor",1
"crawled",1
"mobile",1
"brain",1
"enuf",1
"beneficiary",1
"sideline",1
"club",1
"wright",1
"nicholson",1
"title",1
"fyi",1
"med",1
"negated",1
"bustops",1
"hight",1
"chose",1
"futur",1
"lee",1
"richard",1
"ponting",1
"frigging",1
"quote",1
"handed",1
"reevaluate",1
"smackdown",1
"absorb",1
"correlate",1
"skeptical",1
"goodies",1
"obv",1
"cleanest",1
"fared",1
"belligerent",1
"fabulous",1
"trafe",1
"differential",1
"barrometics",1
"barri",1
"coreect",1
"historical",1
"litle",1
"stubbornly",1
"pare",1
"combo",1
"ruins",1
"demuro",1
"marylin",1
"fades",1
"refresh",1
"sidways",1
"shortnzdusd",1
"ignore",1
"failures",1
"teased",1
"dislike",1
"excitable",1
"folds",1
"blazing",1
"flatline",1
"intervened",1
"italian",1
"snb",1
"buts",1
"facts",1
"honest",1
"ifs",1
"intc",1
"succesful",1
"trait",1
"adler",1
"hh",1
"hl",1
"lh",1
"acti",1
"forgive",1
"stap",1
"tageting",1
"casey",1
"nevermind",1
"revert",1
"login",1
"quotes",1
"up",1
"gauge",1
"mi",1
"numb",1
"loans",1
"sho",1
"traffic",1
"repeatedly",1
"corporate",1
"wtf",1
"hectorfxtrader",1
"weakest",1
"virtue",1
"resident",1
"aga",1
"influential",1
"markey",1
"evade",1
"boggle",1
"ht",1
"euruss",1
"wheat",1
"zw",1
"restored",1
"thrug",1
"fibarchie",1
"persist",1
"yrs",1
"pippin",1
"fawad",1
"fool",1
"intresting",1
"yout",1
"cluttered",1
"tangled",1
"ice",1
"posssible",1
"straddling",1
"triangl",1
"tfl",1
"crunch",1
"brk",1
"capping",1
"mk",1
"overlapped",1
"toll",1
"transport",1
"fewer",1
"eternal",1
"obkj",1
"earnings",1
"season",1
"uncertainty",1
"limiting",1
"defining",1
"cardio",1
"yuckk",1
"andre",1
"hughes",1
"logically",1
"siepinski",1
"reg",1
"tightest",1
"compression",1
"wet",1
"inevit",1
"believ",1
"moes",1
"proprietor",1
"sole",1
"involves",1
"nose",1
"burn",1
"pitiful",1
"celebrate",1
"remembering",1
"lays",1
"creeping",1
"snake",1
"beauty",1
"noraffendi",1
"ith",1
"excitment",1
"through",1
"tomnorrow",1
"reasess",1
"lah",1
"satisfy",1
"likeing",1
"lousy",1
"at",1
"saving",1
"prep",1
"posibilidad",1
"indexes",1
"tanked",1
"plz",1
"jaunt",1
"chang",1
"mul",1
"suspicion",1
"fuse",1
"cestrades",1
"unconfirmed",1
"moreupside",1
"enroute",1
"targetting",1
"dammit",1
"movin",1
"completion",1
"pundits",1
"behave",1
"gradual",1
"strenth",1
"fpr",1
"tradrs",1
"equality",1
"carrytard",1
"deriv",1
"freight",1
"hiccup",1
"trains",1
"crossroad",1
"cearly",1
"settling",1
"xlf",1
"allowed",1
"retesting",1
"sayin",1
"participants",1
"usdpy",1
"anticipation",1
"spreadbetting",1
"powell",1
"shaun",1
"approached",1
"melted",1
"recall",1
"widely",1
"comment",1
"dentist",1
"dentists",1
"family",1
"resort",1
"bucks",1
"fxy",1
"breal",1
"fibb",1
"bubble",1
"burst",1
"angela",1
"commdoll",1
"hoarder",1
"merkel",1
"intend",1
"pun",1
"struggled",1
"velocity",1
"eats",1
"dims",1
"evaporate",1
"soppy",1
"wond",1
"fit",1
"effect",1
"version",1
"wo",1
"untill",1
"listeners",1
"exchanging",1
"publicized",1
"breakdowndailyfx",1
"continuity",1
"tee",1
"sj",1
"tryin",1
"buried",1
"dan",1
"guppy",1
"peace",1
"wiped",1
"lowe",1
"tped",1
"confluences",1
"calculates",1
"yesfx",1
"fxtrader",1
"cv",1
"eager",1
"busted",1
"jr",1
"stochistic",1
"goods",1
"manuf",1
"drama",1
"recaps",1
"usdc",1
"rules",1
"wont",1
"mourning",1
"const",1
"ment",1
"disheartening",1
"mish",1
"pettis",1
"unwarranted",1
"sf",1
"concrete",1
"boring",1
"import",1
"iam",1
"photo",1
"eurnok",1
"winnd",1
"sucks",1
"boxes",1
"staging",1
"forgetting",1
"bless",1
"heart",1
"dabble",1
"theri",1
"sly",1
"grown",1
"affected",1
"nonsens",1
"cables",1
"puppet",1
"strings",1
"costs",1
"off",1
"was",1
"atop",1
"onward",1
"perch",1
"exceeded",1
"practical",1
"attended",1
"probablities",1
"trading",1
"dealer",1
"town",1
"inexplicable",1
"addition",1
"bunch",1
"richer",1
"rth",1
"commentators",1
"judging",1
"provery",1
"cts",1
"score",1
"financialspreadtrader",1
"srll",1
"bkforex",1
"comfortably",1
"trimmed",1
"socks",1
"adds",1
"cas",1
"diversification",1
"haslem",1
"stoplosses",1
"request",1
"favored",1
"forexanalysis",1
"tre",1
"digested",1
"earn",1
"meh",1
"reassess",1
"capture",1
"modifying",1
"dev",1
"funneling",1
"std",1
"ichimoko",1
"issued",1
"practically",1
"creep",1
"treat",1
"mindless",1
"ball",1
"lulling",1
"averaging",1
"puked",1
"methinks",1
"atlast",1
"nk",1
"whew",1
"concentrate",1
"friggin",1
"annoy",1
"dork",1
"epically",1
"ing",1
"remote",1
"hochs",1
"horizont",1
"neue",1
"hundred",1
"clobbered",1
"justifies",1
"bug",1
"restarted",1
"shocked",1
"longstanding",1
"banked",1
"beach",1
"calling",1
"promise",1
"vecchio",1
"tue",1
"abour",1
"rajol",1
"zel",1
"predict",1
"hemisphere",1
"southern",1
"transitioning",1
"kaplunks",1
"yeohtinghee",1
"zoning",1
"deja",1
"vu",1
"realize",1
"dummies",1
"trillion",1
"impossibility",1
"qx",1
"whozr",1
"nearby",1
"vlppizbe",1
"exist",1
"cheeky",1
"okish",1
"henrydungar",1
"presistance",1
"targer",1
"bl",1
"chfjpy",1
"rests",1
"pissing",1
"public",1
"rain",1
"avxathiy",1
"concideration",1
"cx",1
"bothers",1
"hol",1
"regret",1
"clocked",1
"boris",1
"whil",1
"dragging",1
"shiny",1
"grow",1
"intrasession",1
"roro",1
"education",1
"activ",1
"accumulation",1
"proximal",1
"finder",1
"jar",1
"tht",1
"potentielle",1
"behavior",1
"descenso",1
"meses",1
"audsek",1
"famous",1
"sett",1
"auctions",1
"inform",1
"kindly",1
"bullush",1
"wat",1
"dishes",1
"happening",1
"remeber",1
"zzzzzzzzzzzzzzz",1
"pipsopolis",1
"bolstered",1
"globex",1
"bough",1
"gat",1
"slds",1
"jones",1
"aaahhh",1
"attracted",1
"persistently",1
"crunchtime",1
"standoff",1
"effecting",1
"equally",1
"validate",1
"pnf",1
"exandles",1
"scondd",1
"ambivalent",1
"concerted",1
"imma",1
"convince",1
"anti",1
"switching",1
"spanish",1
"pauses",1
"exuberance",1
"smarter",1
"par",1
"bruce",1
"streuth",1
"referral",1
"releasing",1
"shitty",1
"dermatitis",1
"declining",1
"impatience",1
"accts",1
"leveraged",1
"puff",1
"nouvelle",1
"nueva",1
"reset",1
"corections",1
"xagjpy",1
"nic",1
"ops",1
"bam",1
"spectacular",1
"fugly",1
"precarious",1
"tempering",1
"harder",1
"torno",1
"thusfar",1
"expanded",1
"assist",1
"audnzdquant",1
"exporters",1
"serving",1
"accounts",1
"identical",1
"credit",1
"suisse",1
"explanation",1
"attacks",1
"freefall",1
"initiating",1
"asap",1
"brink",1
"gebunden",1
"lbs",1
"loop",1
"abov",1
"sux",1
"benefit",1
"esp",1
"secondary",1
"flailing",1
"fitty",1
"crushed",1
"worried",1
"chand",1
"election",1
"insider",1
"reuters",1
"achiev",1
"achieve",1
"competitors",1
"concensus",1
"manuacturing",1
"beating",1
"ooops",1
"spotted",1
"duh",1
"vert",1
"gut",1
"afraid",1
"ooooh",1
"reigon",1
"observe",1
"plans",1
"renew",1
"maintained",1
"strict",1
"bandit",1
"battering",1
"heariung",1
"guapos",1
"mis",1
"pero",1
"tunos",1
"stage",1
"buyed",1
"rude",1
"tutorial",1
"implodes",1
"euroaud",1
"seri",1
"models",1
"corp",1
"jo",1
"mines",1
"paas",1
"pan",1
"oups",1
"gasoline",1
"gggrrrr",1
"technique",1
"fm",1
"fund",1
"crawler",1
"safest",1
"contours",1
"dxi",1
"weighted",1
"footing",1
"tenacious",1
"bca",1
"venzen",1
"tied",1
"modified",1
"nzdjpi",1
"zealand",1
"convinced",1
"zones",1
"bjksfady",1
"starry",1
"irregular",1
"ravens",1
"topic",1
"substanti",1
"wise",1
"bag",1
"invest",1
"nineteenth",1
"symbols",1
"bookmakers",1
"measely",1
"shameless",1
"ref",1
"underneath",1
"watson",1
"dare",1
"events",1
"healthier",1
"dang",1
"iffy",1
"lloking",1
"last",1
"slumping",1
"pops",1
"lesson",1
"taught",1
"squeez",1
"ljvp",1
"declin",1
"crawling",1
"slower",1
"dives",1
"hawkishness",1
"batch",1
"cast",1
"italy",1
"lookiing",1
"comparison",1
"perth",1
"aig",1
"reopen",1
"seller",1
"brownie",1
"involved",1
"ear",1
"xposure",1
"xxxyyy",1
"clarify",1
"suppose",1
"offical",1
"service",1
"tones",1
"convincing",1
"carve",1
"funds",1
"truimph",1
"kept",1
"aest",1
"rely",1
"teaches",1
"shoulda",1
"urself",1
"yee",1
"echo",1
"ruining",1
"edged",1
"forexsurvivor",1
"wedg",1
"accept",1
"losers",1
"egg",1
"whisking",1
"whites",1
"confusing",1
"directions",1
"rorobots",1
"cbs",1
"favours",1
"frustr",1
"profound",1
"braking",1
"rboa",1
"fourth",1
"yoda",1
"decrease",1
"sheet",1
"usfed",1
"parse",1
"expects",1
"stymies",1
"receives",1
"rb",1
"headache",1
"lined",1
"speaks",1
"words",1
"wtfk",1
"premis",1
"regains",1
"toto",1
"heavens",1
"awaiting",1
"depreciated",1
"hahahahahahahahahahahahahahahahaha",1
"relax",1
"pinch",1
"elephant",1
"stacked",1
"indications",1
"rips",1
"intial",1
"ipoofola",1
"fat",1
"worrys",1
"aim",1
"dl",1
"tes",1
"le",1
"sigue",1
"sosteniendo",1
"unexpectedly",1
"swapped",1
"couplel",1
"dumped",1
"nights",1
"setbacks",1
"hawk",1
"globally",1
"mixe",1
"rabbit",1
"organized",1
"domestic",1
"amazing",1
"butter",1
"cracked",1
"incurrencies",1
"jam",1
"mas",1
"slicing",1
"pas",1
"prochain",1
"repri",1
"tant",1
"alter",1
"aslo",1
"lowered",1
"longterm",1
"followin",1
"reestablish",1
"counting",1
"negligible",1
"forextraderoom",1
"synthetic",1
"mondays",1
"blues",1
"hump",1
"setuops",1
"gnit",1
"jami",1
"stepping",1
"dancing",1
"ultimately",1
"disappointed",1
"calculating",1
"impacts",1
"periodic",1
"stings",1
"contradictory",1
"ytd",1
"heaven",1
"hurdles",1
"mimpv",1
"observed",1
"launching",1
"meantime",1
"dfx",1
"hasbarely",1
"tips",1
"instated",1
"choosing",1
"simpl",1
"performing",1
"stockmarkets",1
"internet",1
"anomaly",1
"rough",1
"commentry",1
"excuse",1
"isnt",1
"hyped",1
"chariot",1
"signaling",1
"overcome",1
"beat",1
"intuitive",1
"mayb",1
"factor",1
"joins",1
"expens",1
"superbly",1
"catching",1
"doom",1
"skies",1
"sez",1
"lengthy",1
"predictable",1
"earth",1
"stood",1
"deceiving",1
"binni",1
"draghi",1
"pertaining",1
"modify",1
"separate",1
"tock",1
"subsequent",1
"marking",1
"expose",1
"repost",1
"similarly",1
"expressing",1
"underweight",1
"clark",1
"share",1
"dsi",1
"reevaluating",1
"thesis",1
"brutal",1
"aj",1
"hunch",1
"phone",1
"pooping",1
"mom",1
"unfortuantely",1
"girl",1
"patently",1
"select",1
"dell",1
"links",1
"schw",1
"spin",1
"successes",1
"bsq",1
"vb",1
"currents",1
"glissant",1
"nuit",1
"calvo",1
"wxyxz",1
"aid",1
"gimme",1
"arena",1
"sairus",1
"sedan",1
"downfall",1
"ltp",1
"nw",1
"os",1
"recognise",1
"veri",1
"acronym",1
"pdh",1
"resell",1
"hedg",1
"difference",1
"hare",1
"tortoise",1
"watches",1
"arises",1
"reposition",1
"l",1
"vismw",1
"attached",1
"shirt",1
"nt",1
"papa",1
"crown",1
"faithful",1
"notified",1
"ran",1
"aso",1
"butt",1
"too",1
"bolbands",1
"layers",1
"ausnzd",1
"downtrendin",1
"instance",1
"crowd",1
"upset",1
"bc",1
"wed",1
"pontification",1
"strengthen",1
"continually",2
"bounc",2
"dominate",2
"blood",2
"coughing",2
"stance",2
"cold",2
"northern",2
"undisciplined",2
"dominating",2
"sudden",2
"canadian",2
"common",2
"monitoring",2
"lockin",2
"food",2
"safer",2
"sea",2
"agre",2
"traddr",2
"issue",2
"sound",2
"knife",2
"anytime",2
"tentatively",2
"tbh",2
"gym",2
"msft",2
"noticing",2
"coz",2
"eod",2
"thou",2
"viewpoint",2
"manifested",2
"trg",2
"belief",2
"contrary",2
"tighter",2
"environment",2
"smaller",2
"concerned",2
"responded",2
"sparked",2
"cadusd",2
"alexp",2
"gravestone",2
"fears",2
"lunch",2
"lovely",2
"baisse",2
"sa",2
"flow",2
"worry",2
"reactions",2
"saved",2
"jinping",2
"xi",2
"hedged",2
"bearishness",2
"determine",2
"sfp",2
"resistence",2
"flying",2
"yank",2
"country",2
"contrarian",2
"spx",2
"faster",2
"agricole",2
"type",2
"fooled",2
"gann",2
"alongside",2
"produce",2
"nasty",2
"overdone",2
"checked",2
"discussions",2
"kids",2
"christopher",2
"setu",2
"confirming",2
"stream",2
"etoro",2
"opportun",2
"stranding",2
"multiday",2
"yday",2
"graph",2
"spent",2
"sleeping",2
"tradingfloorcom",2
"loves",2
"gah",2
"touchesmonth",2
"indices",2
"goin",2
"sachs",2
"cak",2
"phuck",2
"hmh",2
"pleas",2
"opex",2
"profitability",2
"software",2
"michael",2
"slams",2
"linke",2
"rs",2
"url",2
"constantly",2
"caveat",2
"speaking",2
"warrants",2
"dinap",2
"postd",2
"stochastic",2
"reckon",2
"class",2
"shares",2
"wr",2
"button",2
"batting",2
"renewed",2
"js",2
"retrenchment",2
"download",2
"symmetri",2
"pipswt",2
"taitan",2
"fair",2
"strenght",2
"popped",2
"programs",2
"ppl",2
"stick",2
"unclear",2
"corto",2
"rur",2
"tail",2
"broad",2
"pot",2
"benefits",2
"nets",2
"actions",2
"dj",2
"tdst",2
"reflecting",2
"tear",2
"prepared",2
"objectif",2
"premier",2
"launch",2
"section",2
"called",2
"stevens",2
"sr",2
"whats",2
"trade",2
"lookin",2
"include",2
"executed",2
"realized",2
"rolfmao",2
"hunters",2
"apartment",2
"melbourne",2
"scaled",2
"stats",2
"unchang",2
"rejects",2
"lambangfx",2
"preference",2
"bcos",2
"mkts",2
"party",2
"lying",2
"wtd",2
"doldrums",2
"bett",2
"lacking",2
"hrly",2
"gobble",2
"image",2
"drifted",2
"indication",2
"mad",2
"julexo",2
"sick",2
"ams",2
"attributed",2
"stupid",2
"hmmmm",2
"advises",2
"climbed",2
"harmonics",2
"strikes",2
"gr",2
"solution",2
"looong",2
"obedient",2
"hav",2
"weekin",2
"personally",2
"unfilled",2
"slowdown",2
"audgbp",2
"invalidates",2
"mine",2
"pressur",2
"sooner",2
"trendlines",2
"firm",2
"cent",2
"rating",2
"advice",2
"buffett",2
"warren",2
"median",2
"swingtrade",2
"wolfe",2
"acute",2
"disinterest",2
"frustration",2
"inversely",2
"bounded",2
"agains",2
"flickering",2
"looms",2
"republicans",2
"awareness",2
"information",2
"intermarket",2
"source",2
"begin",2
"us",2
"conviction",2
"paper",2
"bbh",2
"laggard",2
"globe",2
"identify",2
"usjpi",2
"hands",2
"reins",2
"optimism",2
"strike",2
"sharing",2
"junction",2
"personal",2
"importer",2
"andrews",2
"bunds",2
"fh",2
"senario",2
"willadd",2
"affecting",2
"brings",2
"cuz",2
"internal",2
"focused",2
"qs",2
"supposed",2
"accelerated",2
"eventualities",2
"slight",2
"clean",2
"designating",2
"crime",2
"scene",2
"arrives",2
"dangerously",2
"cancel",2
"ord",2
"maximum",2
"ugly",2
"traction",2
"triggering",2
"firmer",2
"divergent",2
"height",2
"downisde",2
"cest",2
"dick",2
"doin",2
"looming",2
"substantial",2
"dream",2
"developing",2
"hesitate",2
"oi",2
"tweetsharing",2
"herald",2
"sun",2
"feedback",2
"lik",2
"disaster",2
"sight",2
"crashing",2
"dislocation",2
"prone",2
"flapping",2
"hwb",2
"slumps",2
"astronomic",2
"unhappi",2
"retake",2
"ind",2
"comp",2
"shanghei",2
"ssec",2
"growing",2
"somethings",2
"ashraf",2
"sess",2
"humble",2
"scheduled",2
"confined",2
"posit",2
"agst",2
"gusto",2
"preferred",2
"considerable",2
"recommend",2
"wti",2
"shipping",2
"minus",2
"boo",2
"honey",2
"lipstick",2
"window",2
"buystops",2
"intentions",2
"yoy",2
"notice",2
"sector",2
"conclusive",2
"statistically",2
"tom",2
"baz",2
"num",2
"certainty",2
"boxer",2
"boxing",2
"fold",2
"tochina",2
"uptick",2
"uselesscurrency",2
"dukascopy",2
"leverage",2
"gbpcad",2
"eurusddailyfxi",2
"winding",2
"spiked",2
"decis",2
"raise",2
"baked",2
"harbou",2
"intensify",2
"conference",2
"usa",2
"pmis",2
"basi",2
"caused",2
"butnot",2
"soaring",2
"smal",2
"fundamentalists",2
"elects",2
"matt",2
"ntrl",2
"resuming",2
"threat",2
"fundies",2
"era",2
"grads",2
"pissed",2
"guidance",2
"grinds",2
"dipped",2
"gang",2
"popping",2
"assumes",2
"barrel",2
"fc",2
"nature",2
"solved",2
"absorbed",2
"list",2
"chatter",2
"eurusdand",2
"downgrade",2
"prepar",2
"implied",2
"pure",2
"wide",2
"attractive",2
"consol",2
"ga",2
"admission",2
"desired",2
"yest",2
"abort",2
"distort",2
"factors",2
"repeats",2
"repetition",2
"vary",2
"usdzar",2
"sec",2
"thinks",2
"fro",2
"terribly",2
"adventures",2
"gents",2
"pickup",2
"orange",2
"vc",2
"rat",2
"cekidot",2
"detailnya",2
"bo",2
"consoliadate",2
"outta",2
"beloved",2
"app",2
"goog",2
"holders",2
"fin",2
"ripping",2
"tanking",2
"werewolf",2
"epic",2
"decreases",2
"downunder",2
"attack",2
"hilarious",2
"listened",2
"mups",2
"process",2
"blowoff",2
"cci",2
"roaring",2
"outright",2
"basically",2
"judge",2
"xau",2
"parabolic",2
"fucking",2
"manually",2
"greater",2
"hopin",2
"tantalizing",2
"nys",2
"imm",2
"screwed",2
"semi",2
"government",2
"citi",2
"dinner",2
"repaint",2
"unique",2
"pitchfork",2
"unloading",2
"micro",2
"projected",2
"barckley",2
"id",2
"multiyear",2
"fruitless",2
"bourt",2
"contrarians",2
"hang",2
"yekojvyj",2
"confuses",2
"harderst",2
"matters",2
"kick",2
"dallops",2
"flavour",2
"wash",2
"onshore",2
"daytrade",2
"hammered",2
"jack",2
"cypher",2
"inf",2
"strategies",2
"ton",2
"sided",2
"tune",2
"comforted",2
"light",2
"eurpln",2
"poland",2
"fucker",2
"narrow",2
"alt",2
"cls",2
"dojis",2
"onec",2
"charting",2
"keen",2
"fakeout",2
"contracts",2
"pleased",2
"pigs",2
"spider",2
"couldnt",2
"blake",2
"fricking",2
"posible",2
"expiring",2
"operation",2
"prob",2
"replacement",2
"burned",2
"movie",2
"program",2
"speculation",2
"friends",2
"ah",2
"completing",2
"audusdsell",2
"xma",2
"portfolio",2
"sending",2
"cares",2
"ev",2
"hunts",2
"multipe",2
"sellstop",2
"persistent",2
"selloffs",2
"barriers",2
"loosing",2
"promptly",2
"journalier",2
"farm",2
"initiated",2
"manage",2
"scalpin",2
"nite",2
"young",2
"xjo",2
"printing",2
"dunno",2
"dries",2
"drinking",2
"increasing",2
"parti",2
"proportion",2
"types",2
"patiently",2
"curve",2
"entire",2
"rio",2
"tinto",2
"applauze",2
"shortsqueeze",2
"painted",2
"reliable",2
"toppish",2
"tumbling",2
"whoa",2
"creativity",2
"hide",2
"knowing",2
"secret",2
"sources",2
"gift",2
"mr",2
"koala",2
"accurate",2
"pounded",2
"chfusd",2
"damage",2
"amount",2
"fading",2
"preferably",2
"appeared",2
"forexpeacearmy",2
"morten",2
"sive",2
"hig",2
"reviewing",2
"manifests",2
"route",2
"solstice",2
"winter",2
"unl",2
"gaps",2
"commercials",2
"page",2
"educational",2
"defying",2
"weinstein",2
"resistances",2
"participate",2
"substantive",2
"consult",2
"quadruple",2
"baissier",2
"brighter",2
"flags",2
"umm",2
"pessimistic",2
"usdjp",2
"mention",2
"expensive",2
"decide",2
"main",2
"resolved",2
"abiding",2
"clearest",2
"maxims",2
"partic",2
"statements",2
"maintaining",2
"enjoying",2
"oval",2
"mths",2
"impasse",2
"international",2
"pric",2
"prompt",2
"gci",2
"generally",2
"drives",2
"recoveries",2
"shorters",2
"impossible",2
"audnok",2
"gaining",2
"vote",2
"sticking",2
"respects",2
"emails",2
"importance",2
"vs",2
"decided",2
"uvxy",2
"barrometrics",2
"taxpayer",2
"retreated",2
"fir",2
"kicks",2
"divided",2
"imbalanced",2
"guide",2
"eying",2
"cal",2
"anyth",2
"giant",2
"expanding",2
"grows",2
"alertly",2
"respecting",2
"summer",2
"wkend",2
"marked",2
"quality",2
"unnoticed",2
"untagged",2
"roughly",2
"underwater",2
"heats",2
"homes",2
"nsw",2
"threatened",2
"forgotten",2
"everyth",2
"minute",2
"leads",2
"sar",2
"frm",2
"reacting",2
"rectangles",2
"wellcom",2
"aggregate",2
"downdrafts",2
"island",2
"tailwind",2
"widened",2
"bia",2
"behaving",2
"bitch",2
"bathroom",2
"chic",2
"coke",2
"constant",2
"pray",2
"statue",2
"ahhhh",2
"awful",2
"diversify",2
"witnessing",2
"analzye",2
"ride",2
"spell",2
"influence",2
"rt",2
"entertaining",2
"comprar",2
"retrocesos",2
"annoyed",2
"manana",2
"gum",2
"sterling",2
"aft",2
"boosted",2
"denizfx",2
"bus",2
"winner",2
"alright",2
"encouraging",2
"ej",2
"slippage",2
"stable",2
"excluding",2
"drivers",2
"aspect",2
"cleared",2
"seventh",2
"avalanche",2
"ignite",2
"boy",2
"aviv",2
"shapiro",2
"looser",2
"longside",2
"hs",2
"committed",2
"catches",2
"stochastics",2
"twds",2
"threats",2
"basics",2
"pdtjeryk",2
"winds",2
"behaves",2
"roubini",2
"definition",2
"lacks",2
"joel",2
"symmetrical",2
"skyrocket",2
"discover",2
"del",2
"della",2
"gratuita",2
"mercoledi",2
"parte",2
"pills",2
"bozzz",2
"topski",2
"zee",2
"int",2
"inception",2
"deleted",2
"rush",2
"specific",2
"approximately",2
"info",2
"mirrors",2
"gbpjpi",2
"risky",2
"bac",2
"alpari",2
"tank",2
"frustrated",2
"wicks",2
"mrkt",2
"sigh",2
"weigh",2
"formations",2
"scalped",2
"contentious",2
"tightening",2
"alway",2
"oscillation",2
"underperformed",2
"warn",2
"decayed",2
"i",2
"swiss",2
"tabs",2
"banana",2
"inability",2
"peel",2
"scoots",2
"realise",2
"lhf",2
"gamma",2
"hound",2
"king",2
"perform",2
"positively",2
"entre",2
"mantiene",2
"boggling",2
"manag",2
"anyfin",2
"hafar",2
"sniper",2
"house",2
"confounds",2
"liquidations",2
"hussman",2
"wanes",2
"pat",2
"overlap",2
"con",2
"vega",2
"disappointment",2
"reviving",2
"rebounds",2
"surged",2
"hinting",2
"stars",2
"reinstate",2
"olu",2
"smashed",2
"ss",2
"tweeps",2
"subscribers",2
"recommended",2
"haywire",2
"une",2
"tri",2
"bill",2
"actively",2
"enough",2
"crap",2
"ses",2
"av",2
"retook",2
"eursek",2
"saxo",2
"shortsignals",2
"actualizacion",2
"jour",2
"mise",2
"whipsaw",2
"performed",2
"languishing",2
"sparkle",2
"thjan",2
"counterpart",2
"frisky",2
"bang",2
"bode",2
"impulsively",2
"american",2
"decisions",2
"shifting",2
"speculations",2
"hinges",2
"aep",2
"ageing",2
"shortage",2
"hander",2
"tidal",2
"emb",2
"jnk",2
"contd",2
"narrowing",2
"orderbooks",2
"pole",2
"stripp",2
"waxing",2
"fluke",2
"hamm",2
"paranoid",2
"darn",2
"amet",2
"channels",2
"mess",2
"retails",2
"nflx",2
"binary",2
"oops",2
"significantly",2
"banging",2
"shy",2
"additional",2
"approx",2
"warnings",2
"steadies",2
"bouce",2
"incorporate",2
"cons",2
"sw",2
"significantl",2
"rosy",2
"capre",2
"bbry",2
"blackberry",2
"btu",2
"peabody",2
"sfly",2
"shutterfly",2
"watchers",2
"wtw",2
"heap",2
"frack",2
"hedging",2
"thfeb",2
"determining",2
"mainstay",2
"probabilities",2
"brilliant",2
"respected",2
"crazytrader",2
"mn",2
"institute",2
"prepare",2
"compare",3
"tr",3
"ez",3
"unfolding",3
"chasing",3
"effort",3
"preparing",3
"violent",3
"jpm",3
"dying",3
"cycles",3
"selloff",3
"hidden",3
"collapses",3
"rehn",3
"clears",3
"horrible",3
"community",3
"expert",3
"crush",3
"just",3
"ideally",3
"textbook",3
"obama",3
"combined",3
"hearing",3
"puke",3
"breached",3
"drags",3
"po",3
"fairly",3
"stubborn",3
"tagging",3
"profitable",3
"ruthless",3
"sinking",3
"street",3
"tensions",3
"hand",3
"dealers",3
"reversion",3
"chances",3
"trail",3
"impt",3
"limits",3
"problem",3
"beob",3
"surprises",3
"frames",3
"multiple",3
"explode",3
"di",3
"war",3
"sel",3
"counter",3
"riskless",3
"cr",3
"dit",3
"wondering",3
"slowly",3
"hmmm",3
"intervening",3
"respect",3
"aftermath",3
"names",3
"tag",3
"screaming",3
"goldman",3
"neutralize",3
"consideration",3
"sheds",3
"shown",3
"whipsawed",3
"odd",3
"sounds",3
"wks",3
"sh",3
"href",3
"fri",3
"context",3
"ret",3
"viable",3
"expiration",3
"asx",3
"sky",3
"balls",3
"driving",3
"placing",3
"sideway",3
"actual",3
"atm",3
"dated",3
"healthy",3
"archived",3
"ha",3
"picks",3
"morgan",3
"stanley",3
"nailed",3
"hella",3
"lookout",3
"gov",3
"plunged",3
"sam",3
"analogy",3
"sale",3
"clf",3
"upsid",3
"candlesticks",3
"shape",3
"inclinations",3
"hahaha",3
"feels",3
"fxtechstrategy",3
"homework",3
"activity",3
"steadily",3
"trims",3
"becalmed",3
"enthusiasm",3
"touched",3
"gained",3
"resistant",3
"glad",3
"exchange",3
"marke",3
"lo",3
"hasta",3
"thes",3
"vista",3
"wav",3
"trypremiumplusplan",3
"unpredictable",3
"predicted",3
"bro",3
"saettele",3
"dag",3
"commoditi",3
"depending",3
"gmts",3
"quietly",3
"tim",3
"moody",3
"intermediate",3
"dead",3
"expiries",3
"featuring",3
"desc",3
"wedges",3
"stos",3
"holdrs",3
"overhyped",3
"diff",3
"bhp",3
"keyword",3
"consolidated",3
"fork",3
"attacking",3
"ad",3
"santa",3
"card",3
"walk",3
"likelihood",3
"generated",3
"fixed",3
"resilience",3
"magnet",3
"launches",3
"defined",3
"delayed",3
"inevitable",3
"breath",3
"moon",3
"shs",3
"et",3
"couldn",3
"stockbears",3
"proves",3
"elliot",3
"jupiter",3
"opposition",3
"forms",3
"capital",3
"oz",3
"smart",3
"doors",3
"partial",3
"bye",3
"daili",3
"space",3
"cme",3
"hurt",3
"ama",3
"sid",3
"eat",3
"directory",3
"illinois",3
"inspector",3
"ibfx",3
"sellstops",3
"investment",3
"mining",3
"ebl",3
"meetings",3
"pave",3
"plethora",3
"eyeing",3
"audeur",3
"orbiting",3
"bs",3
"trendlin",3
"issues",3
"fuelled",3
"opposed",3
"pt",3
"useless",3
"rolling",3
"pound",3
"fighting",3
"cos",3
"predicting",3
"meaning",3
"deck",3
"inter",3
"decade",3
"resumption",3
"dummy",3
"hole",3
"here",3
"meant",3
"cta",3
"caps",3
"edging",3
"anymore",3
"pinned",3
"mega",3
"bot",3
"forexfactory",3
"ye",3
"bring",3
"candaign",3
"experiment",3
"legendary",3
"media",3
"recover",3
"management",3
"eursd",3
"aust",3
"japan",3
"honestly",3
"buys",3
"reminds",3
"stakes",3
"begging",3
"fractals",3
"budge",3
"annoying",3
"unfold",3
"preferable",3
"troubled",3
"ug",3
"platform",3
"alleviate",3
"attraction",3
"estimates",3
"totally",3
"chicken",3
"beginner",3
"marketscope",3
"unwinding",3
"highest",3
"disappoint",3
"amelia",3
"todd",3
"tagged",3
"processed",3
"imports",3
"clues",3
"curr",3
"grinding",3
"areas",3
"shld",3
"strang",3
"lin",3
"clu",3
"retraced",3
"rr",3
"pro",3
"sit",3
"including",3
"forexpammaccount",3
"increase",3
"twist",3
"lowering",3
"pays",3
"resi",3
"rid",3
"merry",3
"nearest",3
"printed",3
"highly",3
"crack",3
"green",3
"bust",3
"ihs",3
"benny",3
"dissecting",3
"plunging",3
"dragged",3
"beneath",3
"thurs",3
"econ",3
"painting",3
"finance",3
"shockingly",3
"danden",3
"stimulus",3
"bellamy",3
"mcnulty",3
"sean",3
"intervene",3
"ashi",3
"heikin",3
"updating",3
"methods",3
"thx",3
"joining",3
"historic",3
"usdnok",3
"expansion",3
"budget",3
"surplus",3
"swan",3
"serves",3
"sustained",3
"mild",3
"fxi",3
"powerful",3
"original",3
"positiong",3
"impulsive",3
"entering",3
"broker",3
"indicato",3
"tackle",3
"vxx",3
"implications",3
"pflr",3
"xt",3
"serve",3
"corrected",3
"jus",3
"shakeout",3
"seasonal",3
"corr",3
"political",3
"bn",3
"reffering",3
"static",3
"seemingly",3
"absence",3
"mini",3
"create",3
"pressured",3
"beautifully",3
"upcoming",3
"pour",3
"mans",3
"slowing",3
"yelling",3
"compelling",3
"success",3
"asc",3
"foundations",3
"rushing",3
"skyrockets",3
"export",3
"curencies",3
"dust",3
"energy",3
"ceu",3
"vlsc",3
"alerts",3
"desk",3
"melt",3
"art",3
"finger",3
"contrasts",3
"study",3
"crossing",3
"reply",3
"topics",3
"recording",3
"ignoring",3
"aggressive",3
"underlying",3
"pretend",3
"air",3
"extremity",3
"coil",3
"retracements",3
"impressive",3
"jd",3
"april",3
"suggested",3
"stoploss",3
"creating",3
"summary",3
"observations",3
"terminal",3
"foot",3
"launched",3
"peeking",3
"clinging",3
"received",3
"economist",3
"jpmorgan",3
"safety",3
"equ",3
"hugh",3
"jesse",3
"livermor",3
"jun",3
"rebalancing",3
"unit",3
"averts",3
"defaults",3
"scheme",3
"stayed",3
"biding",3
"shrinking",3
"squeezebox",3
"paying",3
"eve",3
"gvrt",3
"liquidation",3
"bef",3
"ppi",3
"busy",3
"estimate",3
"ewa",3
"horrific",3
"aint",3
"contracting",3
"subsequently",3
"undertones",3
"guards",3
"drifts",3
"ism",3
"capitulation",3
"eucalyptus",3
"forest",3
"analysisbased",3
"inherent",3
"mask",3
"decoupled",3
"retrospective",3
"corrects",3
"doves",3
"nzdcad",4
"flip",4
"dji",4
"sydney",4
"beauti",4
"mon",4
"minut",4
"aims",4
"curious",4
"revers",4
"choppiness",4
"uk",4
"averse",4
"fear",4
"spark",4
"struggle",4
"smile",4
"letting",4
"completes",4
"fan",4
"fallen",4
"mover",4
"choo",4
"stretched",4
"increasingly",4
"quant",4
"timing",4
"battle",4
"la",4
"forexlive",4
"rodriguez",4
"shouldn",4
"reshorted",4
"reve",4
"choice",4
"cling",4
"pulling",4
"killing",4
"geez",4
"louise",4
"tgt",4
"booking",4
"pinbar",4
"tells",4
"snicky",4
"hammer",4
"radar",4
"valid",4
"greg",4
"mckenna",4
"vacation",4
"ozforex",4
"fingers",4
"faith",4
"buddy",4
"upwards",4
"forecasts",4
"began",4
"beta",4
"typo",4
"putting",4
"alot",4
"meet",4
"guns",4
"overshoot",4
"rev",4
"trgt",4
"wld",4
"runner",4
"shooting",4
"providing",4
"nq",4
"diverging",4
"bps",4
"estimated",4
"whipsaws",4
"existing",4
"wasnt",4
"analogies",4
"tracked",4
"blast",4
"juice",4
"talkin",4
"sidelines",4
"sept",4
"posting",4
"reload",4
"status",4
"sig",4
"pros",4
"worries",4
"headlines",4
"avoided",4
"fantastic",4
"favors",4
"uh",4
"yesterdays",4
"picked",4
"convincingly",4
"theme",4
"il",4
"bored",4
"texans",4
"rethink",4
"difficult",4
"afr",4
"growth",4
"occur",4
"schedule",4
"heard",4
"outcome",4
"units",4
"wee",4
"gbpnzd",4
"subs",4
"sidelined",4
"presently",4
"discussed",4
"readying",4
"shoot",4
"cusp",4
"clarity",4
"ben",4
"de",4
"stil",4
"buob",4
"forgot",4
"normal",4
"ill",4
"nervous",4
"terms",4
"plenty",4
"mass",4
"works",4
"premium",4
"algos",4
"speak",4
"nordics",4
"shock",4
"underperformance",4
"declined",4
"locking",4
"underperforming",4
"orderbook",4
"barclays",4
"monetary",4
"greedy",4
"sends",4
"acting",4
"rocket",4
"skype",4
"eurjyp",4
"discusses",4
"kicklighter",4
"crisis",4
"social",4
"go",4
"movers",4
"remainder",4
"prove",4
"hod",4
"recovered",4
"mental",4
"coat",4
"challenging",4
"stands",4
"trapped",4
"inverted",4
"albeit",4
"coinciding",4
"positioned",4
"marginal",4
"citigroup",4
"projects",4
"punching",4
"ttr",4
"measures",4
"created",4
"fxcm",4
"weakening",4
"scott",4
"cftc",4
"loses",4
"holla",4
"warpath",4
"trouble",4
"fleeting",4
"mindset",4
"virtually",4
"psychological",4
"alreadi",4
"fire",4
"company",4
"seal",4
"crab",4
"stiff",4
"descent",4
"topped",4
"possitions",4
"jumps",4
"mature",4
"beware",4
"ayrton",4
"james",4
"painful",4
"bringing",4
"encouraged",4
"fuck",4
"evidence",4
"resting",4
"sharply",4
"mva",4
"juicy",4
"asked",4
"divak",4
"debelle",4
"bird",4
"learning",4
"newslett",4
"precise",4
"establish",4
"leader",4
"bnp",4
"paribas",4
"crowds",4
"calculated",4
"tad",4
"avoiding",4
"resume",4
"ii",4
"dailyfxlearn",4
"aug",4
"j",4
"clusters",4
"services",4
"fragile",4
"successful",4
"slammed",4
"adjusted",4
"sgd",4
"watchlist",4
"perfected",4
"craps",4
"exclusive",4
"cmon",4
"land",4
"overextended",4
"computer",4
"rejections",4
"congestion",4
"billion",4
"insights",4
"bidders",4
"bolsters",4
"easy",4
"bb",4
"confound",4
"snooze",4
"proposed",4
"importantly",4
"profile",4
"employees",4
"tumbles",4
"carol",4
"harmer",4
"dog",4
"likewise",4
"aedt",4
"shit",4
"weakens",4
"thrust",4
"demographia",4
"unaffordable",4
"tactical",4
"approaches",4
"core",4
"nz",4
"lab",4
"flashing",4
"recoups",4
"resumes",4
"rbnz",4
"scotiabank",4
"coutnerpart",4
"dema",4
"encourage",4
"chopping",4
"brent",4
"hints",4
"shrink",4
"wallstreetforexrobot",4
"waterfall",4
"headline",4
"dating",4
"tone",4
"bqgc",4
"themes",4
"relation",4
"simple",5
"beer",5
"visible",5
"tick",5
"consecutive",5
"obvious",5
"faces",5
"neat",5
"contest",5
"ass",5
"feed",5
"lvls",5
"players",5
"style",5
"plunge",5
"popular",5
"control",5
"huh",5
"tech",5
"folks",5
"accelerate",5
"understand",5
"swap",5
"highlighted",5
"zon",5
"changing",5
"reduced",5
"present",5
"bottoms",5
"projection",5
"exhaustion",5
"debt",5
"caution",5
"draw",5
"pic",5
"ruled",5
"didnt",5
"cheers",5
"forays",5
"haha",5
"dark",5
"ridiculous",5
"contrast",5
"dump",5
"ov",5
"kind",5
"wanna",5
"remai",5
"private",5
"aussies",5
"pls",5
"rises",5
"brewing",5
"agreed",5
"tip",5
"cheap",5
"everyday",5
"kicked",5
"poss",5
"monster",5
"rejection",5
"ages",5
"built",5
"analyst",5
"skewed",5
"erratic",5
"relentless",5
"greek",5
"kinda",5
"suspect",5
"initi",5
"n",5
"eurogroup",5
"helping",5
"xagusd",5
"dale",5
"response",5
"by",5
"doesnt",5
"lions",5
"finished",5
"favorite",5
"cny",5
"resides",5
"knock",5
"clue",5
"economic",5
"triggers",5
"lunar",5
"general",5
"alive",5
"techs",5
"black",5
"inches",5
"counts",5
"ed",5
"cu",5
"deep",5
"dumping",5
"imf",5
"exact",5
"cards",5
"hanging",5
"increases",5
"bk",5
"verge",5
"sp",5
"confirms",5
"sticks",5
"breather",5
"sal",5
"patient",5
"wd",5
"largest",5
"lie",5
"entri",5
"resulting",5
"morn",5
"settle",5
"woke",5
"fruit",5
"counterparts",5
"tempted",5
"cool",5
"fireworks",5
"conditional",5
"await",5
"pricing",5
"hedge",5
"policy",5
"apparently",5
"fundament",5
"chief",5
"previously",5
"managed",5
"bat",5
"tuesdays",5
"handy",5
"perfectly",5
"ability",5
"depends",5
"reported",5
"labour",5
"seq",5
"cracks",5
"fine",5
"attempt",5
"hint",5
"seek",5
"discourages",5
"truth",5
"cautious",5
"inverse",5
"specs",5
"included",5
"cnbc",5
"dolla",5
"exports",5
"gpbusd",5
"daddybear",5
"ratio",5
"paring",5
"barcap",5
"tlt",5
"excellent",5
"precede",5
"resisitance",5
"z",5
"extended",5
"announce",5
"topping",5
"scoffs",5
"stimulates",5
"gld",5
"dly",5
"awaited",5
"inv",5
"crdoba",5
"dude",5
"lived",5
"corner",5
"loose",5
"patterns",5
"flirting",5
"nonsense",5
"million",5
"posture",5
"gbpchf",5
"exceed",5
"quarter",5
"circa",5
"excited",5
"fest",5
"thks",5
"unfilld",5
"appearance",5
"ease",5
"consistent",5
"largely",5
"countingpips",5
"sizable",5
"greenback",5
"sierpinski",5
"revised",5
"impending",5
"triangles",5
"theory",5
"fcto",5
"strongly",5
"flagging",5
"lightly",5
"bite",5
"offset",5
"shared",5
"infact",5
"nears",5
"floating",5
"improve",5
"bowl",5
"niners",5
"hrs",5
"wars",5
"happyforexset",5
"xmeter",5
"yea",6
"coincides",6
"supportive",6
"paid",6
"answer",6
"tues",6
"oversold",6
"wouldn",6
"recently",6
"aggressively",6
"builds",6
"insight",6
"lose",6
"stalling",6
"helped",6
"stalls",6
"al",6
"tired",6
"golden",6
"stand",6
"highlight",6
"macd",6
"gl",6
"man",6
"distribut",6
"primary",6
"buyer",6
"diving",6
"eurjpi",6
"sur",6
"probability",6
"loving",6
"signs",6
"yep",6
"crossroads",6
"fibs",6
"star",6
"ea",6
"load",6
"consolidating",6
"fridays",6
"headed",6
"wanted",6
"lack",6
"forward",6
"measured",6
"language",6
"focusing",6
"probable",6
"cartoons",6
"gallery",6
"risking",6
"talked",6
"mood",6
"calendar",6
"prev",6
"squeezed",6
"touching",6
"explain",6
"reading",6
"zb",6
"trap",6
"retreats",6
"confused",6
"awesome",6
"promising",6
"creditsuisse",6
"thin",6
"dissapointment",6
"sinks",6
"wrote",6
"stuff",6
"scaling",6
"underway",6
"thankful",6
"whilst",6
"modestly",6
"conditions",6
"water",6
"trendless",6
"devastate",6
"xx",6
"soars",6
"ther",6
"upd",6
"september",6
"sts",6
"hunt",6
"wow",6
"released",6
"retracing",6
"downsid",6
"boehner",6
"broadening",6
"iron",6
"ore",6
"christmas",6
"trekks",6
"rollover",6
"code",6
"client",6
"sort",6
"unch",6
"john",6
"ugh",6
"megaphone",6
"rejected",6
"retreat",6
"correlated",6
"versus",6
"act",6
"match",6
"drifting",6
"spread",6
"catalysts",6
"metals",6
"jumpy",6
"relief",6
"fight",6
"backed",6
"knew",6
"banks",6
"hate",6
"tails",6
"deviation",6
"buzz",6
"appreciably",6
"beats",6
"asset",6
"fake",6
"familiar",6
"prints",6
"fills",6
"official",6
"downbeat",6
"fxe",6
"hourly",6
"charm",6
"bernanke",6
"bond",6
"missing",6
"btmu",6
"cat",6
"reaching",6
"risks",6
"backs",6
"bell",6
"briefing",6
"gfc",6
"challenge",6
"cont",6
"riding",6
"immediately",6
"ways",6
"supporting",6
"profs",6
"fortunes",6
"chf",6
"discovered",6
"shallow",6
"dreams",6
"appraching",6
"stem",6
"sink",6
"cashtagz",6
"fb",6
"retweet",6
"written",6
"attracts",6
"ovn",6
"aforementioned",6
"adv",6
"depressed",6
"digital",6
"imp",6
"records",6
"rip",7
"eclipse",7
"cb",7
"rock",7
"concerns",7
"tweets",7
"aversion",7
"anticipating",7
"fix",7
"sleep",7
"confident",7
"form",7
"shoulder",7
"helps",7
"history",7
"coiling",7
"indicators",7
"sessions",7
"shoulders",7
"middle",7
"expectation",7
"ox",7
"roll",7
"ty",7
"anticipated",7
"usual",7
"bump",7
"feeling",7
"climb",7
"prefer",7
"damn",7
"david",7
"pressing",7
"bed",7
"stalled",7
"broader",7
"june",7
"mo",7
"initially",7
"surprised",7
"macro",7
"se",7
"train",7
"chris",7
"english",7
"repo",7
"bigger",7
"development",7
"related",7
"abt",7
"videos",7
"phase",7
"supp",7
"volume",7
"avoid",7
"mth",7
"noting",7
"cautiously",7
"story",7
"fact",7
"demand",7
"strongest",7
"rabobank",7
"slipping",7
"possibility",7
"locked",7
"results",7
"pushed",7
"winners",7
"participation",7
"yup",7
"funny",7
"reasons",7
"giving",7
"rd",7
"mar",7
"blue",7
"jim",7
"lights",7
"firmly",7
"analis",7
"lat",7
"pr",7
"talks",7
"repeat",7
"collapse",7
"congrats",7
"interested",7
"shake",7
"trimming",7
"acceleration",7
"scenarios",7
"loaded",7
"rangebound",7
"pennant",7
"stalking",7
"pig",7
"cutting",7
"begins",7
"needed",7
"consensus",7
"negate",7
"weight",7
"amid",7
"boe",7
"event",7
"gartley",7
"copper",7
"disappointing",7
"yellow",7
"exciting",7
"develop",7
"bonds",7
"surge",7
"refuses",7
"crash",7
"nfps",7
"lift",7
"closely",7
"hoping",7
"increased",7
"posts",7
"directly",7
"pullbacks",7
"game",7
"pain",7
"commerzban",7
"assets",7
"extremes",7
"liquidity",7
"march",7
"slipped",7
"complex",7
"driver",7
"hurrah",7
"invalidated",7
"signature",7
"requires",7
"boost",7
"horizon",7
"housing",7
"vols",7
"evidenced",7
"fearful",7
"snapping",7
"goma",7
"kapibara",7
"world",8
"timetotrade",8
"tiny",8
"exposure",8
"commodities",8
"hasn",8
"speech",8
"bout",8
"sequence",8
"dive",8
"wall",8
"life",8
"multi",8
"send",8
"suppt",8
"hmm",8
"team",8
"pushing",8
"imminent",8
"moderate",8
"friend",8
"afternoon",8
"hopes",8
"max",8
"hot",8
"offer",8
"tweeted",8
"day",8
"option",8
"ticks",8
"crossed",8
"happened",8
"europe",8
"em",8
"miss",8
"pulls",8
"hop",8
"release",8
"slip",8
"cable",8
"pa",8
"thanksgiving",8
"pulled",8
"reversing",8
"series",8
"years",8
"clos",8
"quiet",8
"yahoo",8
"local",8
"indecision",8
"wins",8
"repeating",8
"opportunities",8
"lies",8
"tap",8
"audsgd",8
"ends",8
"central",8
"force",8
"biggest",8
"thought",8
"covers",8
"happi",8
"required",8
"reaches",8
"reverses",8
"scope",8
"planning",8
"dance",8
"guest",8
"played",8
"worse",8
"contract",8
"psycho",8
"bband",8
"hurdle",8
"cs",8
"oswald",8
"earlie",8
"erasing",8
"bloomberg",8
"economists",8
"hike",8
"surveyed",8
"gotta",9
"resist",9
"continuing",9
"solar",9
"lil",9
"board",9
"front",9
"nearing",9
"plays",9
"soft",9
"keane",9
"p",9
"leave",9
"easily",9
"charge",9
"dropped",9
"october",9
"slides",9
"shortly",9
"continued",9
"timeframe",9
"faded",9
"aaafx",9
"overbought",9
"guy",9
"patience",9
"takes",9
"doubt",9
"tops",9
"super",9
"suggesting",9
"views",9
"steam",9
"baby",9
"wk",9
"question",9
"fully",9
"mistake",9
"kangarooea",9
"exandle",9
"south",9
"forum",9
"site",9
"structure",9
"frame",9
"hey",9
"sense",9
"yields",9
"spikes",9
"pointing",9
"contained",9
"visit",9
"tricky",9
"againts",9
"threshold",9
"discussion",9
"matching",9
"surprisingly",9
"cash",9
"haven",9
"eu",9
"bulilsh",9
"subscribe",9
"mode",9
"surprise",9
"search",9
"coyote",9
"wile",9
"yearly",9
"opinion",9
"table",9
"bg",9
"pipstaitan",9
"options",9
"pause",9
"cet",9
"attention",9
"attend",9
"opp",9
"spi",9
"door",9
"awaits",9
"kangaroo",9
"franc",9
"unwind",9
"reigns",9
"audchf",10
"signalfactory",10
"death",10
"mov",10
"completely",10
"strengthens",10
"lod",10
"tempting",10
"mate",10
"doji",10
"ideal",10
"luck",10
"fails",10
"isn",10
"interim",10
"objective",10
"lvl",10
"en",10
"eurcad",10
"catalyst",10
"jamie",10
"face",10
"jul",10
"cost",10
"care",10
"corrections",10
"people",10
"remaining",10
"rallying",10
"odds",10
"announcement",10
"advantage",10
"advance",10
"wel",10
"am",10
"inching",10
"halted",10
"track",10
"similar",10
"neg",10
"rbs",10
"maintains",10
"eurnzd",10
"bnpp",10
"candles",10
"volatile",10
"sets",10
"squeeze",10
"worked",10
"pivots",10
"perspective",10
"usdsek",10
"sliding",10
"bound",10
"lagging",10
"opposite",10
"xlounge",10
"liking",10
"cyc",10
"means",10
"eurchf",10
"rand",10
"step",10
"react",10
"surges",10
"noticed",10
"commit",10
"pl",10
"btw",11
"presented",11
"fast",11
"minimum",11
"cloud",11
"neckline",11
"barcelona",11
"exposes",11
"decent",11
"experienced",11
"gave",11
"twitter",11
"drive",11
"win",11
"retraces",11
"hunting",11
"gls",11
"mkt",11
"yeah",11
"sticky",11
"ups",11
"things",11
"overvalued",11
"tho",11
"rule",11
"drag",11
"resolution",11
"puts",11
"slow",11
"fell",11
"waves",11
"eventually",11
"shot",11
"peaks",11
"aiming",11
"looked",11
"swings",11
"boom",11
"tickgeek",11
"pop",11
"spot",11
"press",11
"return",11
"priced",11
"true",11
"approvals",11
"stronger",11
"slips",11
"slide",11
"ocbc",11
"anz",11
"provide",11
"initial",12
"exited",12
"correlations",12
"djia",12
"catch",12
"row",12
"snagger",12
"dropping",12
"enjoy",12
"stock",12
"business",12
"massive",12
"securities",12
"td",12
"systems",12
"research",12
"link",12
"extremely",12
"basis",12
"stopping",12
"bet",12
"opens",12
"holiday",12
"investors",12
"sideways",12
"unable",12
"breakouts",12
"outrageous",12
"majors",12
"aha",12
"priceaction",12
"home",12
"sweet",12
"result",12
"highlights",12
"telling",12
"couple",12
"xmas",12
"worst",12
"closeprice",12
"permits",12
"averages",12
"prospects",13
"talking",13
"chop",13
"reversed",13
"show",13
"book",13
"archive",13
"details",13
"calls",13
"pos",13
"wake",13
"join",13
"extending",13
"consumer",13
"model",13
"reach",13
"straight",13
"todays",13
"left",13
"mixed",13
"entries",13
"tf",13
"exit",13
"continuation",13
"losing",13
"cot",13
"round",13
"potentially",13
"silver",13
"york",13
"forecaster",13
"barely",13
"technically",13
"pipsby",13
"region",13
"poised",13
"descending",13
"pts",13
"barrier",13
"completed",13
"creates",13
"failure",13
"appears",13
"sep",13
"nzdjpy",13
"benchmark",13
"kid",13
"quickly",13
"offered",13
"developed",13
"review",13
"imagine",13
"advanced",13
"deficit",13
"bfss",13
"openprice",13
"sellers",14
"changed",14
"rang",14
"tested",14
"keeping",14
"cluster",14
"statement",14
"weaken",14
"notes",14
"peak",14
"matter",14
"handle",14
"fill",14
"leaves",14
"solid",14
"account",14
"intervention",14
"fibo",14
"extreme",14
"ya",14
"rallied",14
"lost",14
"times",14
"snapshot",14
"buyers",14
"bouncing",14
"dovish",14
"tough",14
"part",14
"relative",14
"fibonacci",14
"touch",14
"print",14
"poor",14
"ranges",14
"adding",14
"trailed",14
"mind",14
"reminder",14
"briefly",14
"north",14
"unsurprisingly",14
"global",14
"complacency",14
"blocks",14
"touches",14
"bp",15
"august",15
"figure",15
"crazy",15
"sitting",15
"logic",15
"sd",15
"pepsgd",15
"leaving",15
"favor",15
"job",15
"larger",15
"moment",15
"trending",15
"heavy",15
"talk",15
"francisco",15
"san",15
"atteinte",15
"fxmgm",15
"ascending",15
"thing",15
"handles",15
"speculators",15
"closes",15
"correct",15
"forming",15
"build",15
"mt",15
"easing",15
"spec",15
"boj",15
"told",15
"agree",15
"enter",15
"commented",15
"stocktwits",15
"lock",15
"climbs",15
"defending",15
"bounced",15
"g",15
"ranging",15
"economy",15
"bets",15
"cer",15
"generale",15
"societe",15
"distribution",16
"inflection",16
"struggling",16
"vulnerable",16
"yr",16
"detail",16
"nd",16
"prediction",16
"choppy",16
"aapl",16
"mentioned",16
"period",16
"speculative",16
"recapture",16
"pre",16
"chance",16
"guys",16
"est",16
"flows",16
"heavily",16
"forget",16
"maintain",16
"fail",16
"date",16
"recommendation",16
"hesitation",16
"harami",16
"nicely",16
"consolidate",16
"impact",16
"ew",16
"stuck",16
"dow",16
"softer",16
"pay",16
"newsletter",16
"japanese",16
"bursts",16
"perfect",17
"gonna",17
"movement",17
"fomc",17
"reverse",17
"confirmation",17
"lead",17
"wednesday",17
"significant",17
"ticker",17
"atr",17
"evening",17
"lets",17
"topside",17
"attract",17
"confirmed",17
"started",17
"weaker",17
"greece",17
"emerging",17
"pick",17
"careful",17
"feel",17
"facing",17
"fr",17
"usdmxn",17
"leading",17
"performance",17
"marabuzo",17
"oanda",17
"fal",17
"edges",17
"brought",17
"wc",17
"chair",17
"floor",18
"tracking",18
"breakeven",18
"beginning",18
"sand",18
"final",18
"fav",18
"turning",18
"deal",18
"fiscal",18
"sign",18
"heads",18
"covered",18
"remember",18
"butterfly",18
"audjpi",18
"thoughts",18
"meeting",18
"abv",18
"slightly",18
"base",18
"prior",18
"limited",18
"strategist",18
"shifts",18
"deephalf",18
"kb",18
"wary",18
"till",18
"uploaded",18
"upper",18
"turned",19
"exp",19
"xauusd",19
"band",19
"aus",19
"kiwi",19
"avg",19
"hitting",19
"size",19
"bids",19
"starts",19
"ny",19
"dxy",19
"o",19
"carry",19
"flag",19
"suggest",19
"index",19
"longer",19
"dictate",19
"fibstalker",19
"picture",19
"retest",19
"appetite",19
"fun",19
"large",19
"article",19
"tomorrow",19
"empire",19
"covering",19
"legs",19
"commodity",19
"orderboard",19
"unchanged",19
"k",19
"opportunity",19
"equal",19
"equities",20
"comments",20
"falling",20
"fundamentals",20
"cross",20
"cover",20
"pretty",20
"guess",20
"momo",20
"worth",20
"july",20
"challenges",20
"closer",20
"happen",20
"pushes",20
"scenario",20
"cadjpy",20
"ended",20
"love",20
"disclaimer",20
"playing",21
"active",21
"minor",21
"shorted",21
"work",21
"thursday",21
"threatens",21
"progress",21
"reason",21
"count",21
"mid",21
"kicking",21
"possibly",21
"reached",21
"average",21
"booked",21
"updates",21
"tnx",21
"hard",21
"suggests",21
"false",21
"established",22
"vol",22
"correlation",22
"tests",22
"leg",22
"confluence",22
"ish",22
"tweet",22
"harmonic",22
"opening",22
"running",22
"wrap",22
"pivotal",22
"prices",22
"reward",22
"overview",22
"car",22
"preview",22
"fakey",22
"audnzd",23
"classic",23
"imho",23
"ab",23
"case",23
"hope",23
"ur",23
"jump",23
"comfortable",23
"breach",23
"failing",23
"reversals",23
"ewf",23
"wkly",23
"sits",23
"path",23
"bars",23
"staying",24
"cd",24
"copy",24
"ext",24
"dailyfxteam",24
"resilient",24
"complete",24
"nasdaq",24
"number",24
"cad",24
"eyed",24
"traded",24
"tuesday",24
"threatening",24
"approach",25
"parity",25
"gain",25
"place",25
"confirm",25
"future",25
"dip",25
"nomura",25
"fxpro",25
"find",25
"turn",25
"fade",25
"gap",25
"give",25
"won",25
"drawn",25
"noted",25
"ninjatrader",25
"working",25
"nfp",25
"sells",25
"cpi",25
"lowers",25
"entered",26
"finds",26
"sharp",26
"chat",26
"c",26
"caught",26
"finding",26
"made",26
"triggered",26
"room",26
"recovers",26
"making",26
"profits",26
"steady",26
"crude",26
"sees",27
"late",27
"analytical",27
"asia",27
"filled",27
"bull",27
"asian",27
"candlestick",27
"cap",27
"consolidates",27
"trends",27
"ultimate",27
"alert",27
"log",28
"pepusd",28
"reserve",28
"monthly",28
"formation",28
"forexcom",28
"hits",28
"added",28
"gm",28
"heading",28
"mark",28
"technicals",28
"pull",28
"declines",28
"positive",28
"hsbc",28
"sb",28
"approaching",28
"developments",28
"happy",29
"quick",29
"mins",29
"recap",29
"expecting",29
"ubs",29
"supports",29
"si",29
"gbp",30
"ducks",30
"lines",30
"imo",30
"wrong",30
"shows",30
"showing",30
"x",30
"rest",30
"negatively",30
"y",30
"thinking",30
"drops",31
"direction",31
"reaction",31
"cha",31
"doesn",31
"rebound",31
"ssi",31
"eurgbp",31
"full",31
"q",31
"deeper",31
"ichimoku",31
"half",32
"candle",32
"ema",32
"trad",32
"equity",32
"head",32
"didn",32
"supported",32
"put",32
"website",32
"huge",32
"settles",32
"negative",33
"intraday",33
"rise",33
"red",33
"balance",33
"dma",33
"missed",33
"lot",33
"critical",33
"mailed",33
"gbpaud",34
"scalping",34
"outlooks",34
"downtrend",34
"monday",34
"extends",34
"temporary",34
"directional",34
"hovering",34
"confidence",34
"wasn",35
"money",35
"crosses",35
"medium",35
"intra",35
"box",35
"previous",35
"pm",35
"months",36
"check",36
"orders",36
"makes",36
"retrace",36
"cliff",36
"elliott",36
"feb",36
"clients",36
"jan",36
"spike",37
"nov",37
"jpy",37
"downward",37
"usdollar",37
"ground",37
"extension",37
"losses",37
"bednarik",37
"oct",38
"gbpjpy",38
"white",38
"based",39
"lol",39
"members",39
"failed",39
"european",39
"https",39
"earlier",40
"im",40
"euro",40
"wait",40
"neutral",40
"push",40
"turns",40
"published",40
"oil",40
"steering",40
"important",41
"positioning",41
"real",41
"change",41
"fresh",41
"offers",41
"commerzbank",41
"recent",42
"closing",42
"recovery",42
"dx",42
"stocks",43
"held",43
"res",43
"rsi",43
"strength",43
"moved",44
"side",44
"futures",44
"capped",44
"extend",44
"gmt",45
"tight",45
"currencies",45
"ve",45
"run",45
"corrective",45
"start",45
"stay",45
"gdp",45
"disappoints",45
"ll",46
"call",46
"interesting",46
"london",46
"dont",46
"positions",46
"bulls",46
"ct",46
"record",46
"tl",47
"pending",47
"follow",47
"retracement",47
"broke",47
"found",47
"bank",47
"upward",47
"fed",47
"bit",48
"hours",48
"pullback",48
"add",48
"pattern",48
"percent",48
"past",49
"nzd",49
"due",49
"volatility",49
"ago",49
"eye",49
"rallies",49
"improves",49
"finally",50
"decision",50
"weekend",50
"note",50
"trader",51
"starting",51
"sales",51
"trigger",51
"night",51
"wedge",51
"weeks",51
"latest",51
"usdx",52
"overnight",52
"indicator",52
"momentum",53
"days",53
"dax",53
"currency",53
"fxa",53
"shorting",53
"breaking",54
"usdjpi",54
"great",54
"posted",54
"stays",54
"drop",55
"au",55
"cuts",55
"lowest",55
"intact",55
"bears",56
"shift",56
"ready",56
"read",56
"watching",56
"ma",57
"audcad",57
"targeting",57
"small",57
"rising",57
"markets",57
"broken",57
"learn",57
"bear",57
"signals",57
"hg",57
"v",57
"unemployment",58
"ticket",59
"building",59
"safe",59
"eases",59
"free",60
"pmi",60
"sma",61
"plan",61
"tonight",61
"sold",62
"webinar",62
"continue",62
"bounces",62
"consolidation",63
"weak",63
"a",63
"b",63
"ideas",63
"bid",63
"december",63
"jobs",63
"pairs",64
"formed",64
"expectations",64
"stopped",65
"manufacturing",65
"view",66
"make",66
"fundamental",66
"sunday",66
"opened",67
"lt",67
"gc",67
"ecb",67
"february",67
"divergence",68
"falls",68
"swing",68
"net",68
"holds",68
"w",69
"decline",69
"icmkts",69
"mam",69
"edge",69
"ou",70
"placez",70
"updated",70
"tp",70
"major",70
"clear",70
"heure",71
"sortir",71
"retail",71
"u",71
"remain",71
"nab",71
"numbers",71
"d",72
"engulfing",73
"hr",73
"don",73
"screen",74
"bottom",74
"warning",75
"interest",75
"ca",75
"friday",75
"dec",76
"moving",77
"buying",78
"idea",78
"november",78
"focus",79
"end",79
"pressure",79
"current",80
"expected",80
"month",80
"correction",81
"taking",81
"expect",81
"targets",81
"triple",82
"moves",82
"blog",82
"forecast",82
"biased",83
"inflation",83
"uptrend",83
"bad",84
"yen",84
"coming",85
"usdchf",87
"tpoint",87
"min",88
"fib",89
"sl",90
"e",90
"cl",90
"breaks",90
"gains",90
"chinese",90
"traders",92
"channel",92
"warns",92
"loss",93
"testing",93
"post",93
"set",93
"wave",93
"eur",94
"trendline",94
"fxstreetreports",95
"strategy",95
"cycle",95
"january",95
"australia",96
"westpac",96
"profit",98
"point",100
"r",100
"open",100
"action",100
"points",102
"dips",103
"rates",104
"fall",105
"longs",105
"continues",106
"breakdown",106
"strong",107
"report",108
"play",108
"employment",108
"eyes",109
"watch",109
"year",110
"early",111
"selling",112
"zone",112
"big",113
"flat",113
"spy",114
"s",115
"scalps",116
"inside",117
"system",118
"hit",118
"top",118
"setup",122
"breakout",124
"downside",124
"pin",124
"holding",125
"gold",125
"bias",125
"fxstreetnews",127
"setups",127
"triangle",128
"line",129
"charts",130
"fx",132
"bands",133
"trailing",133
"eurjpy",133
"rally",134
"stops",136
"china",136
"fxdd",136
"nice",137
"morning",137
"bounce",138
"commentary",138
"audjpy",140
"trades",141
"test",144
"hour",144
"yesterday",147
"bar",148
"bollinger",149
"highs",152
"session",156
"move",157
"cools",160
"position",161
"remains",164
"hold",166
"scalp",168
"st",170
"advances",170
"outlook",171
"weakness",172
"double",173
"pair",175
"euraud",176
"limit",178
"shorts",184
"cancelled",185
"rate",187
"demo",188
"h",189
"video",190
"good",191
"lower",193
"cut",193
"reversal",193
"news",194
"elder",197
"dailyfx",198
"pivot",202
"trend",203
"ahead",207
"range",209
"time",216
"es",218
"lows",229
"potential",232
"setting",236
"market",236
"term",247
"sentiment",248
"upside",254
"live",256
"th",256
"data",269
"weekly",271
"close",273
"update",277
"target",280
"flash",289
"higher",290
"low",292
"analysis",300
"area",302
"key",302
"usdcad",307
"bought",315
"level",329
"price",341
"waiting",343
"high",347
"bearish",365
"back",368
"rba",382
"nzdusd",387
"week",388
"aussie",411
"t",416
"m",417
"bullish",450
"break",465
"order",474
"usdjpy",483
"stop",514
"daily",568
"risk",574
"f",585
"gbpusd",616
"usd",629
"resistance",664
"aud",709
"entry",724
"support",787
"long",1150
"eurusd",1250
"short",1362
"buy",2115
"sell",2694
"lots",3003
"pip",3286
"closed",4295
"pips",5249
"audusd",16991
