431444347348074496,Future Currency,$gbpusd exchange rate little moved on mixed jobs and trade data yi,06/02/2014 15:08:42
431444128597934080,Liam McMahon,i ve begun the process of building some medium   long term gbpusd shorts in this area. see if that wedge break is the real deal.,06/02/2014 15:07:50
431444038437187584,Jacques Naude,stops be $gbpusd,06/02/2014 15:07:29
431444807735451648,natiah,bought 0.5 lots gbpusd 1.63212,06/02/2014 15:10:32
431444701590220800,Infos Forex,$gbpusd regagne le seuil des 1.6300 pu,06/02/2014 15:10:07
431445106491539457,dagang168xem,sold 0.01 lots fw gbpusd 1.63307  ,06/02/2014 15:11:43
431445895398178818,Firoz Limalia,closed buy ibfx zulu gbpusd 1.63242 for  9.3 pips  total for today  483.0 pips,06/02/2014 15:14:52
431445838003318784,Firoz Limalia,closed buy ibfx617 gbpusd 1.63243 for  9.1 pips  total for today  473.8 pips,06/02/2014 15:14:38
431445775298473984,Firoz Limalia,closed buy ibfx619 gbpusd 1.63243 for  9.1 pips  total for today  472.0 pips,06/02/2014 15:14:23
431445575808983043,Firoz Limalia,closed buy ibfx zulu2 gbpusd 1.63242 for  9.3 pips  total for today  1008.0 pips,06/02/2014 15:13:35
431445393839095808,FCTOPRO,closed buy 0.01 lots gbpusd 1.63252 for  5.0 pips  total for today  156.5 pips,06/02/2014 15:12:52
431445386595549186,FCTOPRO,closed buy 0.01 lots gbpusd 1.63165 for  9.7 pips  total for today  151.5 pips,06/02/2014 15:12:50
431445380933226497,Knaimad,closed sell gbpusd 1.63247 for  9.0 pips  total for today  29.4 pips,06/02/2014 15:12:49
431445379754631168,FCTOPRO,closed buy 0.01 lots gbpusd 1.63259 for  0.3 pips  total for today  141.8 pips,06/02/2014 15:12:49
431445285655826432,Sergey Golubev,gbpusd m5 : 40 pips price movement by usd   trade balance news event ph,06/02/2014 15:12:26
431445204571533313,Gus Farrow,sharp rise in multifamily households w6 $gbpusd ft,06/02/2014 15:12:07
431447036496343042,ForexMistress,  daily technical strategist on gbpusd ko,06/02/2014 15:19:24
431447036496343042,ForexMistress,  daily technical strategist on gbpusd ko,06/02/2014 15:19:24
431449001703899136,fxdayprofit,closed buy 1.1 lots gbpusd 1.63311 for  3.0 pips  total for today  293.24 pips,06/02/2014 15:27:12
431448717330509824,Dr Forex,  $gold  $eurusd  $gbpusd or $usdjpy  amplify your returns. automate your. try etoro. mc,06/02/2014 15:26:04
431449379375812609,REAL THING,closed sell limit gbpusd 1.63332 for 0.0 pips  total for today  17.0 pips,06/02/2014 15:28:42
431449372526538753,REAL THING,closed buy limit gbpusd 1.63038 for 0.0 pips  total for today  17.0 pips,06/02/2014 15:28:41
431449365010345984,REAL THING,closed sell limit gbpusd 1.63336 for 0.0 pips  total for today  17.0 pips,06/02/2014 15:28:39
431449350619664384,REAL THING,closed buy limit gbpusd 1.63041 for 0.0 pips  total for today  17.0 pips,06/02/2014 15:28:35
431449926195625984,Firoz Limalia,sold gomarkets gbpusd 1.63173,06/02/2014 15:30:53
431449806956158977,Jeff West,eur usd and gbp usd triangulate as central banks meet   the eurusd and gbpusd have entered ranges as their central... zc,06/02/2014 15:30:24
431450705161760768,REAL THING,closed sell limit gbpusd 1.6335 for 0.0 pips  total for today  17.0 pips,06/02/2014 15:33:58
431450698253758466,REAL THING,closed buy limit gbpusd 1.63056 for 0.0 pips  total for today  17.0 pips,06/02/2014 15:33:57
431450691148603392,REAL THING,closed sell limit gbpusd 1.63335 for 0.0 pips  total for today  17.0 pips,06/02/2014 15:33:55
431450680763494400,REAL THING,closed buy limit gbpusd 1.63044 for 0.0 pips  total for today  17.0 pips,06/02/2014 15:33:52
431451132150304768,Firoz Limalia,sold ibfx617 gbpusd 1.63172,06/02/2014 15:35:40
431452014766063616,REAL THING,closed sell limit gbpusd 1.63347 for 0.0 pips  total for today  17.0 pips,06/02/2014 15:39:10
431452006931103745,REAL THING,closed buy limit gbpusd 1.63053 for 0.0 pips  total for today  17.0 pips,06/02/2014 15:39:09
431452047552937984,REAL THING,closed sell limit gbpusd 1.63349 for 0.0 pips  total for today  17.0 pips,06/02/2014 15:39:18
431452040749780992,REAL THING,closed buy limit gbpusd 1.63055 for 0.0 pips  total for today  17.0 pips,06/02/2014 15:39:17
431452409169055744,Order Flow News,$gbpusd  stops building above 1.6345 ,06/02/2014 15:40:45
431452559430008833,Firoz Limalia,sold gomarkets gbpusd 1.63324,06/02/2014 15:41:20
431452445244260352,Firoz Limalia,closed buy ibfx617 gbpusd 1.63195 for  12.7 pips  total for today  486.5 pips,06/02/2014 15:40:53
431452801944662016,aheadsupusd,   received a new alert. find out why at ns $gbpusd   $gbp $usd $gbp $usd  103,06/02/2014 15:42:18
431453461561896960,TradingView,$gbpusd chart by humamali: zm gbpusd.,06/02/2014 15:44:55
431453320201256962,Firoz Limalia,closed buy ibfx zulu gbpusd 1.6301 for  30.1 pips  total for today  526.6 pips,06/02/2014 15:44:22
431453312659894272,Firoz Limalia,closed buy ibfx zulu gbpusd 1.63308 for  0.3 pips  total for today  496.5 pips,06/02/2014 15:44:20
431453305316057088,Fractal Trading,confidently trade gbpusd ji,06/02/2014 15:44:18
431453304237723648,Firoz Limalia,closed buy ibfx zulu gbpusd 1.63307 for  0.2 pips  total for today  496.2 pips,06/02/2014 15:44:18
431453297451339776,Firoz Limalia,closed buy ibfx zulu gbpusd 1.63195 for  13.0 pips  total for today  496.0 pips,06/02/2014 15:44:16
431453188651098112,Jacques Naude,watching pa here  need break now or back down to 6300... $gbpusd,06/02/2014 15:43:50
431452991380389889,FCTOPRO,closed buy 0.01 lots gbpusd 1.63257 for  5.0 pips  total for today  161.5 pips,06/02/2014 15:43:03
431454054108377088,dagang168xem,sold 0.01 lots fw gbpusd 1.63367  ,06/02/2014 15:47:17
431453849203638272,Firoz Limalia,closed buy ibfx617 gbpusd 1.63006 for  30.6 pips  total for today  517.9 pips,06/02/2014 15:46:28
431453842425643009,Firoz Limalia,closed buy ibfx617 gbpusd 1.63308 for  0.4 pips  total for today  487.3 pips,06/02/2014 15:46:26
431453833420480513,Firoz Limalia,closed buy ibfx617 gbpusd 1.63307 for  0.4 pips  total for today  486.9 pips,06/02/2014 15:46:24
431453770212315136,Firoz Limalia,closed buy ibfx619 gbpusd 1.63006 for  30.6 pips  total for today  516.1 pips,06/02/2014 15:46:09
431453763241381888,Firoz Limalia,closed buy ibfx619 gbpusd 1.63308 for  0.4 pips  total for today  485.5 pips,06/02/2014 15:46:07
431453756320796673,Firoz Limalia,closed buy ibfx619 gbpusd 1.63307 for  0.4 pips  total for today  485.1 pips,06/02/2014 15:46:06
431453749471506433,Firoz Limalia,closed buy ibfx619 gbpusd 1.63195 for  12.7 pips  total for today  484.7 pips,06/02/2014 15:46:04
431453581615448064,Firoz Limalia,closed buy ibfx zulu2 gbpusd 1.6301 for  30.1 pips  total for today  1051.3 pips,06/02/2014 15:45:24
431453571918213122,Firoz Limalia,closed buy ibfx zulu2 gbpusd 1.63308 for  0.3 pips  total for today  1021.2 pips,06/02/2014 15:45:22
431453565098270720,Firoz Limalia,closed buy ibfx zulu2 gbpusd 1.63307 for  0.2 pips  total for today  1020.9 pips,06/02/2014 15:45:20
431453558257381377,Firoz Limalia,closed buy ibfx zulu2 gbpusd 1.63195 for  12.7 pips  total for today  1020.7 pips,06/02/2014 15:45:18
431454498239045632,Gus Farrow,gbp usd claiming back 1.63 territory il $gbpusd 0a,06/02/2014 15:49:03
431455248188583936,Walker England,  here is the $gbpusd setup from monday if your interested. en,06/02/2014 15:52:02
431455243042160640,PETER TRADER,bought 0.69 lots gbpusd 1.63333,06/02/2014 15:52:00
431455236247404544,PETER TRADER,closed buy 0.69 lots gbpusd 1.63289 for  1.2 pips  total for today  726.6 pips,06/02/2014 15:51:59
431455226952810496,PETER TRADER,closed buy 0.69 lots gbpusd 1.63197 for  7.5 pips  total for today  727.8 pips,06/02/2014 15:51:56
431456268906418177,Fractal US,confidently trade gbpusd 2n,06/02/2014 15:56:05
431456848122609664,Jacques Naude,last chance here to break 6340... $gbpusd,06/02/2014 15:58:23
431457629307555840,Forex Signal,$gbpusd sell stopped out  amp  buy triggered. new sl: 1.6293,06/02/2014 16:01:29
431457936703905792,aheadsupusd,   received a new alert. find out why at ns $gbpusd   $gbp $usd $gbp $usd  108,06/02/2014 16:02:42
431457927258337281,aheadsupusd,   received a new alert. find out why at ns $gbpusd   $gbp $usd $gbp $usd  107,06/02/2014 16:02:40
431457925316354048,aheadsupusd,   received a new alert. find out why at ns $gbpusd   $gbp $usd $gbp $usd  106,06/02/2014 16:02:40
431457923969974272,aheadsupusd,   received a new alert. find out why at ns $gbpusd   $gbp $usd $gbp $usd  105,06/02/2014 16:02:39
431457918668374017,aheadsupusd,   received a new alert. find out why at ns $gbpusd   $gbp $usd $gbp $usd  104,06/02/2014 16:02:38
431458417702481920,Jota Bribian,bought 0.69 lots gbpusd 1.63333,06/02/2014 16:04:37
431458393753014272,Jota Bribian,closed buy 0.69 lots gbpusd 1.63289 for  1.2 pips  total for today  726.6 pips,06/02/2014 16:04:31
431458382503874560,Jota Bribian,closed buy 0.69 lots gbpusd 1.63197 for  7.5 pips  total for today  727.8 pips,06/02/2014 16:04:29
431460623335972864,Wah Kiat Goh,sold $gbpusd 1.63371,06/02/2014 16:13:23
431460531094839296,FCTOPRO,closed buy 0.01 lots gbpusd 1.63258 for  5.0 pips  total for today  166.5 pips,06/02/2014 16:13:01
431461454051418112,Jacques Naude,stops be   5... not letting a winner turn into a loser... $gbpusd. seems she s waiting for london close.,06/02/2014 16:16:41
431461909729001472,EA,bought 0.01 lots gbpusd 1.63304,06/02/2014 16:18:30
431461902875512832,EA,closed sell 0.01 lots gbpusd 1.62998 for  30.1 pips  total for today  237.7 pips,06/02/2014 16:18:28
431461889944461313,EA,closed sell 0.01 lots gbpusd 1.63002 for  30.2 pips  total for today  237.6 pips,06/02/2014 16:18:25
431462478086561792,Jacques Naude,need to keep in mind that we have nfp tomorrow  might play on the mind of many traders so probably will have a harder time to break $gbpusd,06/02/2014 16:20:45
431462429470367745,BinaryTradingNetwork,possible box trade setup on gbpusd. possible break after non farm releases tomorrow.,06/02/2014 16:20:34
431462791724023808,EWI Forex Insider,$usdchf is stable after a similar move to measured objectives  and $gbpusd failed to participate at all. hmm.,06/02/2014 16:22:00
431463155714105344,FCTOPRO,closed buy 0.01 lots gbpusd 1.63257 for  5.0 pips  total for today  171.5 pips,06/02/2014 16:23:27
431463517430902784,Jacques Naude,.  have a look at usdchf on m15 and you will get an idea of where we are going. dollar view basically $gbpusd,06/02/2014 16:24:53
431464569744023552,Denis Golubkin,sold 0.1 lots gbpusd 1.63357 tp 1.62938,06/02/2014 16:29:04
431464798073548800,Graham Maddison,money news: how to trade gbpusd forex yearly pivot points 4r,06/02/2014 16:29:58
431465935799451650,Pierre Ledoux,sold 0.01 lots gbpusd 1.63349 sl 1.65161 tp 1.62701,06/02/2014 16:34:30
431468305820307456,dagang168 xem2,bought 0.86 lots tt gbpusd 1.6341  ,06/02/2014 16:43:55
431468297511378944,dagang168 xem2,closed sell 0.53 lots tt gbpusd 1.62884 for  52.4 pips  total for today  92.4 pips  ,06/02/2014 16:43:53
431468238535274496,dagang168xem,bought 0.01 lots fw gbpusd 1.63479  ,06/02/2014 16:43:39
431468225314840576,dagang168xem,closed buy 0.01 lots fw gbpusd 1.63019 for  45.0 pips  total for today  470.0 pips  ,06/02/2014 16:43:35
431468210966126592,dagang168xem,closed buy 0.01 lots fw gbpusd 1.62999 for  45.0 pips  total for today  425.0 pips  ,06/02/2014 16:43:32
431468209938522114,FCTOPRO,closed buy 0.01 lots gbpusd 1.63303 for  0.5 pips  total for today  170.2 pips,06/02/2014 16:43:32
431468203605127169,dagang168xem,closed buy 0.01 lots fw gbpusd 1.63289 for  16.0 pips  total for today  380.0 pips  ,06/02/2014 16:43:30
431468196839702529,Wah Kiat Goh,sold $gbpusd 1.63459,06/02/2014 16:43:29
431468529917779968,YouAreTrader,bought 0.5 lots $gbpusd 1.63429 sl 1.6312 ,06/02/2014 16:44:48
431468450666401792,Atelier Investments,closed buy $gbpusd 1.62877 for  58.9 pips  total for today  830.1 pips,06/02/2014 16:44:29
431468417980198912,Jacques Naude,took my profits... might look to put on a short down to 6300 $gbpusd,06/02/2014 16:44:21
431468796553883649,Dieter E. Puchta,sold 0.1 lots gbpusd 1.63417,06/02/2014 16:45:52
431468770943451136,FXREL,  gbpusd tokyo breakout strategy   qg,06/02/2014 16:45:45
431468703998164993,PipSquirrel,closed sell news_trading gbpusd 1.6293 for  56.0 pips  total for today  136.0 pips  demo ,06/02/2014 16:45:29
431468688781225984,Wealthonomy,closed buy $gbpusd 1.62877 for  58.9 pips  total for today  813.6 pips,06/02/2014 16:45:26
431468678832336897,John Wilson,closed buy $gbpusd 1.62877 for  58.9 pips  total for today  828.7 pips,06/02/2014 16:45:23
431468678786207745,Dr Forex,closed buy 0.75 lots $gbpusd 1.62877 for  58.9 pips  total for today  815.0 pips,06/02/2014 16:45:23
431468668900237312,Passive Alpha,closed buy $gbpusd 1.62877 for  58.9 pips  total for today  815.0 pips,06/02/2014 16:45:21
431468612801396736,Patrik GONDA,bought gbpusd 1.63488,06/02/2014 16:45:08
431469036568735746,aheadsupusd,   received a new alert. find out why at ns $gbpusd   $gbp $usd $gbp $usd  110,06/02/2014 16:46:49
431469035176226816,aheadsupusd,   received a new alert. find out why at ns $gbpusd   $gbp $usd $gbp $usd  109,06/02/2014 16:46:48
431469623922278400,Axxiom Trading,closed sell gbpusd 1.62563 for  92.4 pips  total for today  54.6 pips,06/02/2014 16:49:09
431469363908997120,Forex Trader,bought 0.01 lots gbpusd 1.63409 tp 1.63499 dw,06/02/2014 16:48:07
431469081657503744,Forex Warrior,sold $gbpusd 1.6343 tp 1.6298,06/02/2014 16:47:00
431469036568735746,aheadsupusd,   received a new alert. find out why at ns $gbpusd   $gbp $usd $gbp $usd  110,06/02/2014 16:46:49
431470465089933312,Neal Gilbert,$gbpusd: follow the $eurusd leader    neal gilbert   fx360  jq via  ,06/02/2014 16:52:29
431472238483615744,Xignite Currencies,london markets closing. $gbpusd 1.63422  0.34  from yesterday close.  ,06/02/2014 16:59:32
431472381941395456,Forex Market Signals, fxmgm  buy $gbpusd1.63421 stop loss1.63134  period 60 ,06/02/2014 17:00:06
431472797584351235,Danny Jager,$gbpusd new high for today  ,06/02/2014 17:01:45
431472797584351235,Danny Jager,$gbpusd new high for today  ,06/02/2014 17:01:45
431473214082920448,Jacques Naude,letting things settle a bit and then will look to enter the retrace down $gbpusd,06/02/2014 17:03:25
431473896135467008,,stalking $eurusd $gbpusd and $usdjpy for short entries...now which one will signal first... : ,06/02/2014 17:06:07
431475932155899904,GC Fractalerts,confidently trade gbpusd pw,06/02/2014 17:14:13
431475890942255105, ,closed buy 0.8 lots $gbpusd 1.6327 for  15.0 pips  total for today  15.0 pips,06/02/2014 17:14:03
431476640703467521,Firoz Limalia,bought ibfx zulu gbpusd 1.63352,06/02/2014 17:17:02
431477247552155648,Jermaine Muhammad,unemployment slightly above level where would consider raising interest rates $gbpjpy $gbpusd $eurgbp,06/02/2014 17:19:26
431478559639486464,Jacques Naude,am short... $gbpusd looking to add higher up,06/02/2014 17:24:39
431478785125261312,Anish S. Lal Malik,$eurusd and $gbpusd triangulate as central banks meet  zp,06/02/2014 17:25:33
431481630306209792,aheadsupusd,   received a new alert. find out why at ns $gbpusd   $gbp $usd $gbp $usd  114,06/02/2014 17:36:51
431481628989198336,aheadsupusd,   received a new alert. find out why at ns $gbpusd   $gbp $usd $gbp $usd  113,06/02/2014 17:36:51
431481627567345664,aheadsupusd,   received a new alert. find out why at ns $gbpusd   $gbp $usd $gbp $usd  112,06/02/2014 17:36:51
431481626120314880,aheadsupusd,   received a new alert. find out why at ns $gbpusd   $gbp $usd $gbp $usd  111,06/02/2014 17:36:50
431482199112577024,PETER TRADER,bought 0.69 lots gbpusd 1.63442,06/02/2014 17:39:07
431482182062723072,PETER TRADER,closed buy 0.69 lots gbpusd 1.63333 for  6.2 pips  total for today  732.8 pips,06/02/2014 17:39:03
431482669449613312,Gus Farrow,us trade deficit widens ij $gbpusd ft,06/02/2014 17:40:59
431483417230729216,ServerKeren,closed buy    gbpusd 1.63325 for  3.2 pips  total for today  3.2 pips   ,06/02/2014 17:43:57
431483048379424768,The Keane,daily rundown..three minutes look at the setups in the gbpusd eurusd nzdusd and usdjpy heading into nfp public : zo ,06/02/2014 17:42:29
431483863286554624,zbojnik,  what tf s do you get your levels from  i was using 15m level for short gbpusd today and i think that s why i lost...,06/02/2014 17:45:44
431484044782469121,Marcos Filipe,quiet day for $gbpusd,06/02/2014 17:46:27
431484512044740609,Gold Rush FX,bought 0.5 lots gbpusd 1.63412 sl 1.62477,06/02/2014 17:48:18
431485265492725760,The Keane,daily rundown...three minutes look at the setups in the gbpusd eurusd nzdusd and usdjpy heading... vv,06/02/2014 17:51:18
431485803965853697,Dzansons,closed buy  n6 gbpusd 1.6329 for  11.7 pips  total for today  51.5 pips,06/02/2014 17:53:26
431485797078802433,Dzansons,closed sell  n6 gbpusd 1.63266 for  16.1 pips  total for today  39.8 pips,06/02/2014 17:53:25
431485786949574656,Dzansons,closed buy  n6 gbpusd 1.62848 for  55.9 pips  total for today  55.9 pips,06/02/2014 17:53:22
431486010833129472,Jota Bribian,bought 0.69 lots gbpusd 1.63442,06/02/2014 17:54:16
431485995628761088,Jota Bribian,closed buy 0.69 lots gbpusd 1.63333 for  6.2 pips  total for today  732.8 pips,06/02/2014 17:54:12
431486539118305281,SoncheRyu,bought 0.01 lots gbpusd 1.6344,06/02/2014 17:56:22
431487289185681408,PETER TRADER,bought 0.69 lots gbpusd 1.63349,06/02/2014 17:59:21
431488949220294657,Bulllist,$gbpusd long1.6337 stop1.6252 2y,06/02/2014 18:05:56
431489296445358080,Forex Trader,closed buy 0.01 lots gbpusd 1.63409 for  9.7 pips  total for today  152.1 pips dw,06/02/2014 18:07:19
431492290343755776,swissforextrading,forex: european fx trade update: thursday  february 6  2014: gbpusd... wi,06/02/2014 18:19:13
431493097835339776,John Kicklighter,boe doesn t offer any surprises keeps 1.6250 $gbpusd support in place. on to wed s inflation report  o3,06/02/2014 18:22:25
431493413373235200,Frank,  : boe doesn t offer any surprises keeps 1.6250 $gbpusd support in place. on to wed s inflation report  j6 ,06/02/2014 18:23:41
431494239688462336,Theodore Kekstadt,$gbpusd forex traders get free live interactive charts  news  and more.     d3,06/02/2014 18:26:58
431496386161287168,Jacques Naude,pa too slow... up 7 pips and set tp for 15 pips but if not within 45min  i m off to watch a movie $gbpusd,06/02/2014 18:35:29
431496608811724800,TradingView,$gbpusd chart by muhammad fareedhaji tuah: nz cypher pattern gbpusd 1 hr tf.,06/02/2014 18:36:23
431497002690424832,Jota Bribian,bought 0.69 lots gbpusd 1.63349,06/02/2014 18:37:56
431499532572962816,REAL THING,closed sell limit gbpusd 1.63469 for 0.0 pips  total for today  17.0 pips,06/02/2014 18:48:00
431499524016574464,REAL THING,closed buy limit gbpusd 1.63174 for 0.0 pips  total for today  17.0 pips,06/02/2014 18:47:58
431500039190364160,Bitcoin Pilot,baggi replies to: cable update  gbpusd : i haven t dumped out just yet. i bought in at 1634. cr,06/02/2014 18:50:00
431500009305960448,Bitcoin fxRevolution,baggi replies to: cable update  gbpusd  mr,06/02/2014 18:49:53
431503344566153216,REAL THING,closed sell limit gbpusd 1.63471 for 0.0 pips  total for today  17.0 pips,06/02/2014 19:03:08
431503337603624960,REAL THING,closed buy limit gbpusd 1.6318 for 0.0 pips  total for today  17.0 pips,06/02/2014 19:03:07
431503529958973440,Gus Farrow, concealed  families mask housing need r0 $gbpusd ft,06/02/2014 19:03:53
431503518802141184,Dow Jones News,pound sterling exchange rates today: gbp under pressure vs cad  aud ... $gbpusd 6p,06/02/2014 19:03:50
431503693293178880,EA,bought 0.01 lots gbpusd 1.63295,06/02/2014 19:04:32
431503828068741120,UnderValuedReport,gbpusd: consolidates  holds above the 1.6259 level zn ,06/02/2014 19:05:04
431503827972268032,UnderValued Report ,gbpusd: consolidates  holds above the 1.6259 level av ,06/02/2014 19:05:04
431503827947106304,Fred Hefenberg,gbpusd: consolidates  holds above the 1.6259 level yz ,06/02/2014 19:05:04
431503827829673984,Traddr! ,gbpusd: consolidates  holds above the 1.6259 level cy ,06/02/2014 19:05:04
431503827825483776,Traddr! ,gbpusd: consolidates  holds above the 1.6259 level sd ,06/02/2014 19:05:04
431503827687051265,Simon Marge,gbpusd: consolidates  holds above the 1.6259 level h9 ,06/02/2014 19:05:04
431503827670298624,John Wolfe ,gbpusd: consolidates  holds above the 1.6259 level nq ,06/02/2014 19:05:04
431503827552849920,Anna Glass,gbpusd: consolidates  holds above the 1.6259 level yz ,06/02/2014 19:05:04
431503827523485696,TZUFUMA White Label ,gbpusd: consolidates  holds above the 1.6259 level pk ,06/02/2014 19:05:04
431503827506696193,Max walters,gbpusd: consolidates  holds above the 1.6259 level yk ,06/02/2014 19:05:04
431503827494137856,Sam Milton,gbpusd: consolidates  holds above the 1.6259 level sv ,06/02/2014 19:05:04
431503827494125568,Marty K,gbpusd: consolidates  holds above the 1.6259 level ny ,06/02/2014 19:05:04
431503827473154048,Marcus Cunningham ,gbpusd: consolidates  holds above the 1.6259 level q9 ,06/02/2014 19:05:04
431503827456389120,InternetPlays,gbpusd: consolidates  holds above the 1.6259 level p1 ,06/02/2014 19:05:04
431503827452190720,JBLtrader,gbpusd: consolidates  holds above the 1.6259 level 2b ,06/02/2014 19:05:04
431503827443793920,Jesse G,gbpusd: consolidates  holds above the 1.6259 level tw ,06/02/2014 19:05:04
431503827355725824,Harold Mackenzie,gbpusd: consolidates  holds above the 1.6259 level ww ,06/02/2014 19:05:04
431503827355713536,Border Capital, LLC ,gbpusd: consolidates  holds above the 1.6259 level vr ,06/02/2014 19:05:04
431503827305365504,Matthew Brown,gbpusd: consolidates  holds above the 1.6259 level 82 ,06/02/2014 19:05:04
431503827301175296,87-MARKETING, LLC,gbpusd: consolidates  holds above the 1.6259 level mf ,06/02/2014 19:05:04
431505742911127552,Alpesh B. Patel,gbpusd s weak rally keeps focus on downside   he: the last two days saw selling pressure st... d6,06/02/2014 19:12:40
431506342067859456,MT4i news,gbpusd possible resistance around 1.6330,06/02/2014 19:15:03
431507392363126784,Forex Trading Unlock,$gbpusd forex traders get free live interactive charts  news  and more.     mk,06/02/2014 19:19:14
431509966575636480,Chris,  : gbpusd flat completed   buying call options: vw via   na,06/02/2014 19:29:27
431509966512750592,Fair Binary Options,  : gbpusd flat completed   buying call options: vw via   na,06/02/2014 19:29:27
431509819342610432,Lionive,gbpusd flat completed   buying call options: vw via   na,06/02/2014 19:28:52
431510604130443264,aheadsupusd,   received a new alert. find out why at ns $gbpusd   $gbp $usd $gbp $usd  116,06/02/2014 19:31:59
431510602817609728,aheadsupusd,   received a new alert. find out why at ns $gbpusd   $gbp $usd $gbp $usd  115,06/02/2014 19:31:59
431512864856080384,FXStreet News,$gbpusd steady sub the highs t4,06/02/2014 19:40:58
431513911800901633,MellyForex,wall street forex has opened a gbpusd buy trade of 0.11 lots at 1.63263... visit hc for live performance,06/02/2014 19:45:08
431514555798552576,amazing donlad,  : $gbpusd steady sub the highs t4,06/02/2014 19:47:41
431514872807825408,Peter Miller,bought 0.2 lots $gbpusd 1.63264 sl 1.62742 tp 1.63662,06/02/2014 19:48:57
431514879560646656,Peter Miller,bought 0.15 lots $gbpusd 1.63264 sl 1.62742 tp 1.63662,06/02/2014 19:48:59
431515596035866625,aheadsupusd,   received a new alert. find out why at ns $gbpusd   $gbp $usd $gbp $usd  117,06/02/2014 19:51:49
431515596035866625,aheadsupusd,   received a new alert. find out why at ns $gbpusd   $gbp $usd $gbp $usd  117,06/02/2014 19:51:49
431518139751596033,Prophecy Forex,  : $gbpusd steady sub the highs t4,06/02/2014 20:01:56
431518051507257344,Firoz Limalia,closed sell gomarkets gbpusd 1.63324 for  7.7 pips  total for today  41.4 pips,06/02/2014 20:01:35
431518044347584512,Firoz Limalia,closed sell gomarkets gbpusd 1.63173 for  7.4 pips  total for today  33.7 pips,06/02/2014 20:01:33
431518040715300864,PETER TRADER,bought 0.69 lots gbpusd 1.63256,06/02/2014 20:01:32
431518025099911168,davide,sell limit 0.26 lots gbpusd 1.6338,06/02/2014 20:01:29
431518139751596033,Prophecy Forex,  : $gbpusd steady sub the highs t4,06/02/2014 20:01:56
431518639729037312,Firoz Limalia,closed sell ibfx619 gbpusd 1.63323 for  7.4 pips  total for today  531.3 pips,06/02/2014 20:03:55
431518630832922624,Firoz Limalia,closed sell ibfx619 gbpusd 1.63172 for  7.7 pips  total for today  523.9 pips,06/02/2014 20:03:53
431518709023121408,Firoz Limalia,closed sell ibfx617 gbpusd 1.63323 for  7.4 pips  total for today  533.1 pips,06/02/2014 20:04:12
431518692849889280,Firoz Limalia,closed sell ibfx617 gbpusd 1.63172 for  7.7 pips  total for today  525.7 pips,06/02/2014 20:04:08
431518680519049216,Dow Alerts,tell us what you think about this weeks gbpusd alert. how are you trading it  r4,06/02/2014 20:04:05
431520295942234112,Firoz Limalia,closed sell ibfx zulu gbpusd 1.63325 for  7.6 pips  total for today  541.6 pips,06/02/2014 20:10:30
431520283745202176,Firoz Limalia,closed sell ibfx zulu gbpusd 1.63173 for  7.6 pips  total for today  534.0 pips,06/02/2014 20:10:27
431520965642575872,TradingView,$gbpusd chart by paguy: sf inverse head and shoulders.,06/02/2014 20:13:10
431522091943198720,Chris,short $gbpusd 1.6573 sl at b e,06/02/2014 20:17:38
431523993690968065,ForexKy,bought 0.17 lots gbpusd 1.63269,06/02/2014 20:25:12
431525466986397696,foli's forex,bought 0.03 lots gbpusd 1.63242,06/02/2014 20:31:03
431526732659585024,aheadsupusd,   received a new alert. find out why at ns $gbpusd   $gbp $usd $gbp $usd  125,06/02/2014 20:36:05
431526730965073920,aheadsupusd,   received a new alert. find out why at ns $gbpusd   $gbp $usd $gbp $usd  124,06/02/2014 20:36:04
431526729664835584,aheadsupusd,   received a new alert. find out why at ns $gbpusd   $gbp $usd $gbp $usd  123,06/02/2014 20:36:04
431526728360402944,aheadsupusd,   received a new alert. find out why at ns $gbpusd   $gbp $usd $gbp $usd  122,06/02/2014 20:36:04
431526726963712000,aheadsupusd,   received a new alert. find out why at ns $gbpusd   $gbp $usd $gbp $usd  121,06/02/2014 20:36:03
431526725416009728,aheadsupusd,   received a new alert. find out why at ns $gbpusd   $gbp $usd $gbp $usd  120,06/02/2014 20:36:03
431526724031889408,aheadsupusd,   received a new alert. find out why at ns $gbpusd   $gbp $usd $gbp $usd  119,06/02/2014 20:36:03
431526722719068161,aheadsupusd,   received a new alert. find out why at ns $gbpusd   $gbp $usd $gbp $usd  118,06/02/2014 20:36:02
431529004730834944,MarketPulse,eurusd surges to 1.3590  audusd steady around 0.8965  gbpusd rallies to 1.6330  usdjpy at 102.05  gold at 1257   pi,06/02/2014 20:45:06
431528996249935873,OANDA ,eurusd surges to 1.3590  audusd steady around 0.8965  gbpusd rallies to 1.6330  usdjpy at 102.05  gold at 1257   zg,06/02/2014 20:45:04
431530591607996417,aheadsupusd,   received a new alert. find out why at ns $gbpusd   $gbp $usd $gbp $usd  127,06/02/2014 20:51:25
431530590211301376,aheadsupusd,   received a new alert. find out why at ns $gbpusd   $gbp $usd $gbp $usd  126,06/02/2014 20:51:24
431531211417477120,Juliann Moreno,closed buy 0.1 lots gbpusd 1.5729 for  6.0 pips  total for today  99.0 pips,06/02/2014 20:53:52
431531106987298818,Jota Bribian,bought 0.69 lots gbpusd 1.63256,06/02/2014 20:53:28
431531220259074049,Juliann Moreno,sold 0.1 lots gbpusd 1.5557 tp 1.5545,06/02/2014 20:53:55
431531716348375040,SoncheRyu,bought 0.01 lots gbpusd 1.6322,06/02/2014 20:55:53
431532644707225601,Xignite Currencies,market close     $eurusd 1.35921  0.56  $usdjpy 102.115  0.82  $gbpusd 1.6327  0.24  $usdchf 0.90045  0.43   ,06/02/2014 20:59:34
431533035516100608,Forex Status,  major currencies exchange rate update: eurusd: 1.35914 usdjpy: 102.1343 gbpusd: 1.63264 audusd: 0.89593,06/02/2014 21:01:07
431533477042081792,Dow Jones News,exchange rates today: pound sterling under pressure vs cad  aud ... $gbpusd wb,06/02/2014 21:02:53
431533344891744256,davide,buy limit 0.26 lots gbpusd 1.6308,06/02/2014 21:02:21
431533287727591424,davide,sell limit 0.26 lots gbpusd 1.6342,06/02/2014 21:02:07
431548620064567298,zest4455,bought 0.1 lots gbpusd 1.63244 sl 1.61594 tp 1.63404 bn,06/02/2014 22:03:03
431548356720984064,Tony Forde,bought gbpusd 1.63246,06/02/2014 22:02:00
431548349498408961,Tony Forde,closed sell gbpusd 1.628 for  45.4 pips  total for today  45.4 pips,06/02/2014 22:01:58
431549054565109760,davide,closed sell limit 0.26 lots gbpusd 1.6338 for 0.0 pips  total for today  99.0 pips,06/02/2014 22:04:47
431548999858790400,davide,closed buy limit 0.26 lots gbpusd 1.6304 for 0.0 pips  total for today  99.0 pips,06/02/2014 22:04:34
431549123787911168,davide,buy limit 0.26 lots gbpusd 1.6307,06/02/2014 22:05:03
431549106800951296,davide,sell limit 0.26 lots gbpusd 1.6337,06/02/2014 22:04:59
431550698720100353,Dow Jones News,british pound  gbp  inches higher after the boe holds interest rates near 5 ... $gbpusd bg,06/02/2014 22:11:19
431551867231809537,aheadsupusd,   received a new alert. find out why at ns $gbpusd   $gbp $usd $gbp $usd  128,06/02/2014 22:15:57
431553046900789249,Mas69,bought 0.1 lots gbpusd 1.63249,06/02/2014 22:20:38
431553046900789249,Mas69,bought 0.1 lots gbpusd 1.63249,06/02/2014 22:20:38
431556698097336320,MT4i news,gbpusd possible resistance around 1.6325,06/02/2014 22:35:09
431557455210754048,dagang168xem,bought 0.01 lots fw gbpusd 1.63189  ,06/02/2014 22:38:09
431557454871007232,Yen Trader,closed buy $gbpusd 1.6314 for  0.6 pips  total for today  42.3 pips,06/02/2014 22:38:09
431557390844956672,Lewis Barber,daily forex market commentary   thursday 6th february 2014 pz  $eurusd  $gbpusd  via  ,06/02/2014 22:37:54
431557813295271936,,bought 3.74 lots gbpusd 1.63199,06/02/2014 22:39:35
431557957776465920,daria,sold $gbpusd 1.63203 sl 1.65235 $$ yi,06/02/2014 22:40:09
431558535202091008,YouAreTrader,closed buy 0.5 lots $gbpusd 1.63429 for  36.7 pips  total for today  370.8 pips ,06/02/2014 22:42:27
431558858599710720,Robot Trading Cerdas,bought 0.01 lots acc  gbpusd 1.632 tp 2.032,06/02/2014 22:43:44
431558858595500032,Robot Trading Cerdas,bought 0.01 lots acc  gbpusd 1.632 tp 2.032,06/02/2014 22:43:44
431558721396039681,Sergey Golubev,mql5 forum: make profit from forex with the simplest system gbpusd 5q,06/02/2014 22:43:11
431559739961376768,FCTOPRO,closed buy 0.01 lots gbpusd 1.63098 for  13.1 pips  total for today  195.4 pips,06/02/2014 22:47:14
431559731128180737,FCTOPRO,closed buy 0.01 lots gbpusd 1.63259 for  3.0 pips  total for today  182.3 pips,06/02/2014 22:47:12
431559739961376768,FCTOPRO,closed buy 0.01 lots gbpusd 1.63098 for  13.1 pips  total for today  195.4 pips,06/02/2014 22:47:14
431559731128180737,FCTOPRO,closed buy 0.01 lots gbpusd 1.63259 for  3.0 pips  total for today  182.3 pips,06/02/2014 22:47:12
431560231165128704,Forex Robot,  : daily forex market commentary   thursday 6th february 2014 pz  $eurusd  $gbpusd  via  ,06/02/2014 22:49:11
431560502011912192,TradingForex24,bought 0.03 lots tf24 profithunter  gbpusd 1.6319 sl 1.6269.  h2,06/02/2014 22:50:16
431564147482828800,davide,sell limit 0.26 lots gbpusd 1.6333,06/02/2014 23:04:45
431564127299829760,davide,buy limit 0.26 lots gbpusd 1.6301,06/02/2014 23:04:40
431564074657521664,davide,closed sell limit 0.26 lots gbpusd 1.6342 for 0.0 pips  total for today 0.0 pips,06/02/2014 23:04:28
431564027269890049,davide,closed buy limit 0.26 lots gbpusd 1.6308 for 0.0 pips  total for today 0.0 pips,06/02/2014 23:04:16
431564846157398016,Firoz Limalia,closed sell ibfx zulu gbpusd 1.6325 for  14.2 pips  total for today  591.5 pips,06/02/2014 23:07:32
431566476961517569,Yen Trader,bought $gbpusd 1.63218 sl 1.62522 tp 1.73531,06/02/2014 23:14:00
431566462075949056,FXStreet Reports,$gbpusd   third bullish price action pin bar from key support  by     hl,06/02/2014 23:13:57
431566476961517569,Yen Trader,bought $gbpusd 1.63218 sl 1.62522 tp 1.73531,06/02/2014 23:14:00
431567457145221121,Bitcoin Pilot,strat replies to: strat s long term stress free trading: gbpusd here is the sr bit   just waiting for the pa bit... nz,06/02/2014 23:17:54
431567991474356225,Order Flow News,$gbpusd   solid level of buy stops on break of 1.6350 and sell stops on a break below 1.6250,06/02/2014 23:20:01
431568245334634497,aheadsupusd,   received a new alert. find out why at ns $gbpusd   $gbp $usd $gbp $usd  129,06/02/2014 23:21:02
431568508405571584,Ryan,  : $gbpusd   solid level of buy stops on break of 1.6350 and sell stops on a break below 1.6250,06/02/2014 23:22:05
431569421283233792,aheadsupusd,   received a new alert. find out why at ns $gbpusd   $gbp $usd $gbp $usd  130,06/02/2014 23:25:42
431571101034881025,Liam McMahon,daily video posted or $usdjpy $eurusd $gbpusd $audusd $audcad $usdcad,06/02/2014 23:32:23
431571280056176640,Wright INV,daily video posted hz $usdjpy $eurusd $gbpusd $audusd $audcad $usdcad,06/02/2014 23:33:06
431573416336826368,aheadsupusd,   received a new alert. find out why at ns $gbpusd   $gbp $usd $gbp $usd  132,06/02/2014 23:41:35
431573414927544321,aheadsupusd,   received a new alert. find out why at ns $gbpusd   $gbp $usd $gbp $usd  131,06/02/2014 23:41:35
431573796961918976,Simondiamond, gs gbpusd  1.6322    a 3rd   ve  hammer pattern  gt  1.6260 52 support. momentum is basing.,06/02/2014 23:43:06
